YEAR,DOY,GWETROOT,WS10M,PS,PRECTOTCORR,RH2M,T2M
2020,1,0.78,4.78,101.02,50.82,88.26,26.75
2020,2,0.78,4.04,101.07,6.77,83.98,27.38
2020,3,0.78,3.88,100.93,51.2,86.89,27.25
2020,4,0.77,4.1,100.75,9.0,87.43,27.21
2020,5,0.76,4.03,100.78,10.65,88.41,27.1
2020,6,0.75,3.89,100.81,7.2,85.07,27.54
2020,7,0.74,4.02,100.71,6.43,84.59,27.58
2020,8,0.75,3.98,100.68,15.14,86.47,27.37
2020,9,0.76,4.75,100.67,18.98,87.1,26.82
2020,10,0.77,5.22,100.76,9.24,84.0,26.57
2020,11,0.76,4.27,100.79,9.86,84.83,26.74
2020,12,0.74,4.34,100.7,1.96,80.67,27.79
2020,13,0.74,3.91,100.65,8.7,83.59,27.55
2020,14,0.73,3.6,100.72,9.95,84.41,27.29
2020,15,0.75,2.96,100.83,14.25,82.67,26.91
2020,16,0.74,2.16,100.82,3.63,82.04,27.69
2020,17,0.74,2.31,100.83,7.47,81.75,28.16
2020,18,0.75,1.97,100.85,6.83,83.59,27.63
2020,19,0.74,2.07,100.86,1.17,79.48,28.16
2020,20,0.74,2.33,100.89,2.89,82.93,27.95
2020,21,0.73,2.8,100.97,2.68,85.35,27.71
2020,22,0.73,2.08,100.95,7.12,81.97,28.02
2020,23,0.74,2.2,100.82,11.8,81.18,28.04
2020,24,0.76,2.5,100.83,20.68,84.11,27.83
2020,25,0.8,3.22,100.83,32.45,89.31,27.0
2020,26,0.81,3.47,100.73,7.08,87.88,27.26
2020,27,0.8,2.16,100.76,6.32,81.06,27.89
2020,28,0.78,2.26,100.81,4.71,82.9,27.95
2020,29,0.77,2.53,100.87,9.22,82.22,28.12
2020,30,0.79,2.92,100.87,18.14,86.64,27.38
2020,31,0.79,3.21,100.85,14.2,85.92,27.6
2020,32,0.82,3.1,100.89,24.45,88.58,27.32
2020,33,0.82,2.74,100.97,7.51,85.13,27.36
2020,34,0.81,2.79,100.94,18.46,87.19,27.13
2020,35,0.83,2.46,100.89,14.43,86.13,26.95
2020,36,0.83,2.71,100.83,20.04,84.87,27.31
2020,37,0.85,2.74,100.85,31.15,87.37,27.05
2020,38,0.85,3.87,100.88,17.2,87.84,26.9
2020,39,0.87,3.54,100.96,44.46,84.98,26.77
2020,40,0.85,3.87,100.95,7.29,81.75,27.37
2020,41,0.84,3.73,100.9,3.35,82.25,27.83
2020,42,0.83,2.33,100.98,1.86,80.82,27.92
2020,43,0.82,2.41,100.98,2.28,80.93,27.96
2020,44,0.82,1.9,100.87,3.83,82.58,28.06
2020,45,0.82,1.71,100.84,2.65,85.46,27.38
2020,46,0.82,1.45,100.92,10.11,81.85,28.05
2020,47,0.86,2.82,100.99,44.54,87.04,27.37
2020,48,0.88,2.89,101.06,37.87,85.09,26.97
2020,49,0.88,3.58,100.99,17.45,87.05,26.85
2020,50,0.89,3.87,100.94,26.06,89.08,26.6
2020,51,0.9,4.2,100.91,30.66,87.12,27.29
2020,52,0.92,4.25,100.98,26.91,86.63,27.5
2020,53,0.92,3.72,101.01,18.52,86.77,27.57
2020,54,0.92,4.52,100.86,24.65,87.5,27.61
2020,55,0.92,5.21,100.79,20.35,87.09,27.63
2020,56,0.94,4.09,100.84,96.49,87.24,27.51
2020,57,0.94,2.76,100.78,11.63,87.51,27.46
2020,58,0.94,3.43,100.77,9.29,86.5,27.58
2020,59,0.94,2.55,100.72,9.81,88.48,27.4
2020,60,0.94,3.27,100.65,13.56,89.26,27.28
2020,61,0.95,4.17,100.73,23.49,90.48,27.32
2020,62,0.95,2.77,100.72,1.55,83.29,27.97
2020,63,0.94,2.53,100.76,1.49,84.65,27.89
2020,64,0.94,3.47,100.84,30.99,87.05,27.67
2020,65,0.96,4.73,100.84,8.89,87.63,27.26
2020,66,0.95,3.69,100.91,5.51,84.12,27.78
2020,67,0.95,3.11,100.97,6.75,85.42,27.57
2020,68,0.95,2.22,100.88,3.0,86.8,27.04
2020,69,0.94,5.05,100.81,0.98,87.09,27.47
2020,70,0.94,3.57,100.69,2.27,85.37,27.92
2020,71,0.93,2.77,100.75,2.84,86.96,27.75
2020,72,0.94,2.88,100.93,17.44,88.4,27.82
2020,73,0.94,1.72,100.98,5.38,84.82,27.64
2020,74,0.94,1.86,100.83,4.5,82.43,28.18
2020,75,0.94,2.06,100.78,7.96,85.2,28.12
2020,76,0.95,1.56,100.92,14.89,82.43,27.56
2020,77,0.95,2.02,100.9,9.98,80.88,28.01
2020,78,0.95,2.4,100.82,12.19,86.25,27.38
2020,79,0.95,1.18,100.89,14.61,80.16,27.99
2020,80,0.96,1.95,100.94,21.01,85.46,27.08
2020,81,0.97,1.68,100.93,19.37,82.51,27.61
2020,82,0.97,1.67,100.91,16.56,82.32,27.59
2020,83,0.97,1.09,100.85,2.3,79.12,27.76
2020,84,0.96,1.62,100.75,5.51,81.09,27.8
2020,85,0.96,1.28,100.67,4.16,81.27,27.9
2020,86,0.97,2.22,100.73,39.23,85.27,27.58
2020,87,0.97,2.03,100.77,7.28,82.9,28.05
2020,88,0.97,1.72,100.74,4.57,85.07,27.83
2020,89,0.96,1.99,100.62,4.91,84.77,28.1
2020,90,0.97,2.19,100.74,22.37,85.98,27.77
2020,91,0.97,3.07,100.77,12.94,82.88,27.85
2020,92,0.97,2.91,100.75,3.0,83.11,27.95
2020,93,0.96,3.59,100.74,1.53,84.23,28.14
2020,94,0.96,2.77,100.74,1.31,83.37,28.15
2020,95,0.95,1.69,100.81,7.1,86.84,27.44
2020,96,0.96,1.38,100.84,13.43,81.18,28.18
2020,97,0.96,3.06,100.9,10.67,87.26,27.17
2020,98,0.96,4.06,100.88,10.49,87.77,26.85
2020,99,0.96,2.61,100.88,5.58,83.18,27.71
2020,100,0.96,1.91,100.93,2.01,84.93,27.26
2020,101,0.96,1.51,100.96,17.13,81.78,27.75
2020,102,0.96,2.1,100.91,6.87,80.53,28.47
2020,103,0.96,2.08,100.8,10.28,82.97,28.45
2020,104,0.97,2.33,100.78,35.87,85.62,27.65
2020,105,0.97,1.76,100.85,5.21,81.03,28.2
2020,106,0.97,3.28,100.87,8.83,86.95,27.72
2020,107,0.96,1.79,100.82,1.89,81.71,28.02
2020,108,0.96,1.35,100.9,3.33,78.88,28.25
2020,109,0.96,1.83,100.91,3.51,79.98,28.31
2020,110,0.96,1.45,100.86,2.62,77.49,28.72
2020,111,0.95,1.84,100.81,1.57,80.67,28.45
2020,112,0.95,2.06,100.79,3.13,81.68,28.37
2020,113,0.94,3.13,100.75,1.48,82.19,28.73
2020,114,0.94,3.38,100.69,2.75,86.52,28.52
2020,115,0.94,3.04,100.72,7.01,87.13,28.29
2020,116,0.94,3.46,100.8,0.41,83.45,27.89
2020,117,0.94,2.7,100.82,6.58,84.05,27.93
2020,118,0.95,3.34,100.83,12.01,87.44,27.52
2020,119,0.95,1.96,100.81,7.75,86.16,27.47
2020,120,0.95,2.29,100.77,7.56,79.9,27.92
2020,121,0.95,2.74,100.81,5.13,85.95,27.89
2020,122,0.95,2.85,100.74,12.18,88.71,27.44
2020,123,0.96,2.53,100.69,9.81,80.84,27.94
2020,124,0.95,3.1,100.74,7.51,85.18,27.97
2020,125,0.95,3.13,100.77,4.42,86.18,27.91
2020,126,0.95,2.52,100.78,3.36,85.7,27.94
2020,127,0.94,2.25,100.75,2.93,86.32,28.07
2020,128,0.94,3.39,100.72,1.43,86.09,28.21
2020,129,0.94,2.33,100.76,2.78,82.56,28.46
2020,130,0.94,2.03,100.8,2.8,80.64,28.42
2020,131,0.93,1.44,100.82,4.11,81.79,28.24
2020,132,0.94,2.03,100.85,10.34,84.28,27.58
2020,133,0.93,2.56,100.75,1.66,84.89,28.15
2020,134,0.93,3.76,100.75,7.24,88.69,28.16
2020,135,0.93,4.15,100.66,1.37,86.06,28.25
2020,136,0.92,4.44,100.58,0.42,86.26,28.25
2020,137,0.92,4.41,100.48,1.25,85.92,28.54
2020,138,0.92,3.48,100.5,4.83,88.36,28.45
2020,139,0.92,1.81,100.65,9.66,79.06,28.11
2020,140,0.92,2.98,100.6,2.08,84.02,28.04
2020,141,0.92,3.5,100.69,11.29,88.8,27.83
2020,142,0.93,1.7,100.8,4.21,81.1,28.31
2020,143,0.92,1.98,100.82,7.62,84.21,28.12
2020,144,0.92,1.38,100.87,0.9,81.72,27.96
2020,145,0.92,2.27,100.92,1.35,79.53,28.76
2020,146,0.91,2.14,100.97,5.07,81.99,28.45
2020,147,0.93,3.19,100.92,26.0,87.25,27.99
2020,148,0.93,2.0,100.93,5.08,86.49,27.61
2020,149,0.93,1.88,100.96,4.23,82.33,27.65
2020,150,0.92,2.44,100.94,5.98,83.56,27.99
2020,151,0.92,3.26,100.94,5.49,85.66,28.01
2020,152,0.93,2.02,101.0,6.77,78.7,28.39
2020,153,0.92,2.83,100.98,5.8,83.29,27.69
2020,154,0.92,2.88,100.92,3.75,80.45,27.9
2020,155,0.92,4.73,100.89,4.3,85.87,27.81
2020,156,0.92,5.09,100.88,0.94,84.09,27.79
2020,157,0.91,2.29,100.93,2.14,82.92,27.61
2020,158,0.91,1.74,100.86,0.74,79.12,28.03
2020,159,0.9,2.7,100.72,2.01,83.4,27.72
2020,160,0.9,2.53,100.79,2.25,83.57,27.62
2020,161,0.9,1.2,100.83,0.77,78.04,27.92
2020,162,0.89,3.13,100.79,2.89,85.56,27.64
2020,163,0.89,3.66,100.69,3.38,85.95,27.97
2020,164,0.89,4.33,100.61,2.09,84.42,27.76
2020,165,0.88,2.94,100.73,0.22,81.72,27.85
2020,166,0.88,3.82,100.79,0.14,82.22,28.04
2020,167,0.87,2.61,100.82,1.54,87.02,27.84
2020,168,0.87,4.15,100.79,1.37,87.66,27.74
2020,169,0.87,3.16,100.84,1.14,85.58,27.75
2020,170,0.87,2.9,100.85,1.91,86.68,27.67
2020,171,0.87,2.29,100.91,3.59,83.77,27.32
2020,172,0.86,3.64,100.78,0.75,83.11,27.57
2020,173,0.86,3.53,100.69,2.57,83.4,27.44
2020,174,0.86,3.81,100.74,7.26,86.31,26.78
2020,175,0.86,3.36,100.79,3.76,83.96,27.2
2020,176,0.86,1.59,100.84,1.6,79.07,27.65
2020,177,0.85,1.98,100.75,0.79,79.41,27.6
2020,178,0.85,2.32,100.76,0.84,82.24,27.44
2020,179,0.84,3.95,100.83,0.41,84.84,27.12
2020,180,0.84,3.77,100.87,0.19,82.72,27.51
2020,181,0.83,4.24,100.8,0.03,81.36,27.5
2020,182,0.83,3.99,100.78,3.14,83.49,27.32
2020,183,0.83,3.4,100.76,5.18,82.04,27.36
2020,184,0.84,1.4,100.83,16.11,78.65,27.58
2020,185,0.85,3.72,100.81,10.4,83.87,27.39
2020,186,0.85,4.76,100.82,5.51,82.27,27.1
2020,187,0.84,4.85,100.76,0.46,81.13,27.2
2020,188,0.84,4.77,100.77,5.07,84.63,27.0
2020,189,0.84,3.66,100.82,3.12,86.34,26.84
2020,190,0.84,2.19,100.76,4.49,80.74,27.33
2020,191,0.83,1.48,100.72,1.39,78.02,27.16
2020,192,0.83,1.33,100.8,0.71,77.7,27.43
2020,193,0.83,2.75,100.81,1.36,82.61,27.31
2020,194,0.82,2.8,100.75,1.66,83.63,27.37
2020,195,0.82,3.26,100.74,2.67,85.34,27.12
2020,196,0.82,3.14,100.77,4.54,85.87,27.1
2020,197,0.82,5.02,100.71,4.44,85.41,27.13
2020,198,0.83,4.66,100.67,7.81,86.87,27.22
2020,199,0.83,3.54,100.69,1.25,84.76,27.33
2020,200,0.82,3.23,100.73,1.32,84.78,27.02
2020,201,0.81,2.8,100.68,1.84,82.14,27.51
2020,202,0.81,3.38,100.69,1.42,83.67,27.35
2020,203,0.81,2.85,100.72,1.95,84.57,27.41
2020,204,0.8,3.39,100.7,1.67,83.97,27.6
2020,205,0.8,2.69,100.69,1.39,83.68,27.35
2020,206,0.8,3.39,100.75,0.59,82.24,27.5
2020,207,0.79,3.66,100.81,0.02,78.29,27.32
2020,208,0.79,4.36,100.8,0.0,78.29,26.65
2020,209,0.78,3.77,100.83,0.0,78.74,26.57
2020,210,0.78,2.85,100.8,0.0,76.67,26.79
2020,211,0.78,2.67,100.81,0.0,76.18,26.86
2020,212,0.77,2.74,100.88,0.0,75.45,26.78
2020,213,0.77,2.33,100.89,0.0,70.47,26.38
2020,214,0.76,1.69,100.83,0.0,69.88,26.59
2020,215,0.76,1.82,100.79,0.01,75.33,27.22
2020,216,0.76,3.19,100.7,0.01,81.53,27.0
2020,217,0.76,3.73,100.67,0.3,83.36,27.11
2020,218,0.75,2.7,100.75,0.67,82.13,27.49
2020,219,0.75,2.51,100.76,1.74,84.06,27.33
2020,220,0.76,2.86,100.75,6.64,85.45,27.12
2020,221,0.76,3.17,100.72,2.44,85.2,27.11
2020,222,0.76,2.14,100.8,2.13,83.89,27.24
2020,223,0.76,3.52,100.85,0.47,84.62,27.3
2020,224,0.75,3.28,100.95,2.76,85.12,27.26
2020,225,0.75,3.87,100.93,1.11,84.43,27.6
2020,226,0.76,3.42,100.82,22.47,88.96,26.82
2020,227,0.79,2.89,100.78,2.64,83.92,27.3
2020,228,0.77,3.38,100.83,0.62,85.35,26.99
2020,229,0.77,2.92,100.82,2.63,85.64,26.97
2020,230,0.77,3.11,100.81,2.77,83.93,27.13
2020,231,0.76,3.05,100.77,2.98,85.04,26.97
2020,232,0.76,3.47,100.69,0.42,83.98,27.1
2020,233,0.76,4.76,100.79,0.15,82.63,27.24
2020,234,0.75,5.34,100.92,0.04,82.03,27.21
2020,235,0.75,3.79,100.99,0.06,81.65,26.98
2020,236,0.74,3.05,100.94,0.13,82.24,27.47
2020,237,0.74,4.35,100.87,0.03,81.98,27.5
2020,238,0.74,4.78,100.95,0.0,77.19,27.14
2020,239,0.73,3.79,100.92,0.0,77.98,27.2
2020,240,0.72,4.25,100.8,0.0,77.63,26.79
2020,241,0.71,4.03,100.77,0.0,77.65,27.03
2020,242,0.71,3.33,100.69,0.72,79.6,27.56
2020,243,0.71,4.37,100.65,1.8,83.24,27.48
2020,244,0.71,3.92,100.74,0.11,78.65,27.52
2020,245,0.7,3.6,100.74,0.23,79.09,27.64
2020,246,0.7,2.53,100.79,8.02,79.29,27.53
2020,247,0.71,2.88,100.86,1.77,80.55,27.62
2020,248,0.71,3.56,100.78,0.49,84.1,27.43
2020,249,0.7,2.28,100.7,0.46,81.0,27.86
2020,250,0.7,1.77,100.73,0.03,75.81,28.14
2020,251,0.69,2.95,100.85,0.07,76.02,28.09
2020,252,0.69,4.25,100.93,0.45,80.66,27.61
2020,253,0.68,3.79,100.79,0.79,82.08,27.7
2020,254,0.69,1.96,100.7,3.47,84.35,26.83
2020,255,0.69,2.33,100.77,0.82,80.7,27.37
2020,256,0.68,2.77,100.9,0.14,76.61,27.84
2020,257,0.68,1.82,100.87,0.59,73.71,28.27
2020,258,0.68,2.23,100.84,6.81,78.14,27.72
2020,259,0.69,2.09,100.9,5.51,74.58,27.76
2020,260,0.69,2.74,100.9,2.82,78.93,26.98
2020,261,0.69,3.19,100.82,1.33,77.0,27.31
2020,262,0.68,3.47,100.74,0.73,77.22,27.64
2020,263,0.68,4.66,100.7,1.57,79.27,27.88
2020,264,0.7,3.74,100.81,25.32,85.46,27.23
2020,265,0.72,3.01,100.87,13.31,82.04,27.44
2020,266,0.75,3.34,100.83,20.04,83.45,27.54
2020,267,0.75,2.68,100.84,0.71,79.34,28.04
2020,268,0.73,1.64,100.93,1.8,79.03,28.22
2020,269,0.72,2.66,100.85,0.39,75.05,28.55
2020,270,0.71,2.24,100.86,2.32,78.83,27.87
2020,271,0.72,2.14,100.96,9.42,85.04,26.6
2020,272,0.73,2.92,100.9,5.64,79.29,27.59
2020,273,0.72,3.96,100.8,0.59,76.17,27.89
2020,274,0.71,4.33,100.66,0.47,78.74,27.87
2020,275,0.7,3.61,100.7,0.82,81.22,27.95
2020,276,0.7,2.92,100.75,2.47,80.9,28.02
2020,277,0.71,1.76,100.86,12.89,83.18,27.32
2020,278,0.72,2.86,100.81,5.54,77.46,28.08
2020,279,0.72,2.29,100.81,2.4,73.85,28.19
2020,280,0.71,2.62,100.76,0.85,75.55,27.81
2020,281,0.7,3.08,100.64,0.46,76.28,28.19
2020,282,0.69,2.32,100.67,2.05,77.3,28.04
2020,283,0.69,2.56,100.69,2.98,81.35,27.51
2020,284,0.69,1.88,100.68,3.68,81.82,27.49
2020,285,0.7,1.64,100.66,5.06,81.2,27.46
2020,286,0.7,1.82,100.62,5.18,78.6,27.99
2020,287,0.71,2.68,100.65,12.94,82.26,27.77
2020,288,0.73,2.3,100.73,3.05,79.23,28.37
2020,289,0.72,1.79,100.76,3.25,79.81,27.46
2020,290,0.72,1.58,100.65,11.41,80.01,27.62
2020,291,0.75,1.62,100.63,13.02,78.39,27.82
2020,292,0.74,2.4,100.69,5.51,79.43,27.8
2020,293,0.74,2.86,100.72,7.01,81.84,27.69
2020,294,0.75,2.56,100.71,11.31,86.52,27.18
2020,295,0.75,1.84,100.72,8.68,81.45,27.87
2020,296,0.74,4.08,100.74,3.16,81.68,27.52
2020,297,0.74,4.51,100.77,4.69,81.14,27.98
2020,298,0.74,2.44,100.8,6.5,86.38,27.34
2020,299,0.75,2.42,100.79,9.34,88.01,27.49
2020,300,0.76,2.48,100.8,24.61,85.9,27.09
2020,301,0.79,3.18,100.84,9.98,88.72,26.36
2020,302,0.78,2.41,100.83,6.62,81.67,27.79
2020,303,0.77,3.44,100.84,2.59,81.13,28.17
2020,304,0.76,3.57,100.86,6.07,82.89,27.57
2020,305,0.76,2.52,100.82,11.67,83.58,27.35
2020,306,0.77,5.23,100.81,7.04,80.15,27.84
2020,307,0.76,3.7,100.85,7.12,80.37,28.31
2020,308,0.77,2.56,100.91,9.33,79.82,27.83
2020,309,0.76,2.3,100.93,1.86,79.87,27.99
2020,310,0.76,2.03,100.94,4.16,81.15,27.54
2020,311,0.76,3.24,100.93,2.51,81.26,27.7
2020,312,0.76,2.49,100.88,3.77,83.99,27.83
2020,313,0.76,2.1,100.88,6.3,83.5,27.34
2020,314,0.76,2.62,100.81,4.05,77.44,27.75
2020,315,0.76,1.83,100.77,5.59,80.8,28.1
2020,316,0.76,2.3,100.79,2.07,77.36,28.68
2020,317,0.76,4.49,100.75,5.97,83.61,28.46
2020,318,0.75,3.31,100.67,1.36,81.96,28.65
2020,319,0.75,1.97,100.68,2.92,80.19,28.38
2020,320,0.75,3.58,100.74,4.17,82.76,27.89
2020,321,0.75,4.48,100.75,2.33,83.61,27.84
2020,322,0.75,1.84,100.65,4.87,81.98,27.94
2020,323,0.75,1.23,100.6,3.08,80.99,28.2
2020,324,0.75,2.65,100.64,2.7,82.79,28.09
2020,325,0.75,2.0,100.66,1.31,80.3,28.21
2020,326,0.75,1.37,100.65,2.15,78.17,28.04
2020,327,0.74,1.46,100.75,2.44,76.99,28.17
2020,328,0.75,2.1,100.82,5.12,82.7,27.0
2020,329,0.76,3.04,100.75,26.81,81.84,27.77
2020,330,0.8,3.12,100.66,27.51,84.16,27.54
2020,331,0.8,3.81,100.7,8.84,80.46,27.66
2020,332,0.79,2.2,100.75,3.07,79.67,27.73
2020,333,0.78,2.6,100.75,8.3,77.29,27.74
2020,334,0.78,4.55,100.78,7.24,87.29,26.63
2020,335,0.8,4.12,100.8,64.79,86.56,26.71
2020,336,0.82,4.68,100.77,1.66,82.32,27.59
2020,337,0.8,3.6,100.67,6.01,83.18,27.74
2020,338,0.81,2.1,100.73,18.23,89.03,26.22
2020,339,0.82,3.06,100.72,10.31,82.49,27.36
2020,340,0.81,4.97,100.69,11.08,85.65,27.14
2020,341,0.83,6.57,100.72,21.08,85.78,27.01
2020,342,0.83,6.11,100.81,5.48,83.18,27.39
2020,343,0.82,6.8,100.71,3.56,84.01,27.74
2020,344,0.82,5.98,100.67,2.56,83.83,27.2
2020,345,0.81,5.0,100.66,4.16,84.87,27.06
2020,346,0.82,3.52,100.75,12.77,86.15,26.74
2020,347,0.82,4.39,100.74,11.04,87.33,26.34
2020,348,0.83,3.5,100.72,10.5,86.97,26.17
2020,349,0.82,4.24,100.74,1.94,88.72,26.56
2020,350,0.82,3.8,100.79,3.81,84.62,26.98
2020,351,0.82,4.31,100.76,2.61,85.69,26.88
2020,352,0.82,4.97,100.71,9.7,87.0,26.75
2020,353,0.82,5.52,100.68,2.78,84.04,26.96
2020,354,0.81,5.38,100.71,2.4,81.28,27.21
2020,355,0.81,3.82,100.71,2.76,83.56,26.93
2020,356,0.81,3.82,100.74,5.26,88.0,26.16
2020,357,0.82,3.37,100.72,6.9,83.74,26.99
2020,358,0.81,3.53,100.6,2.79,82.66,27.67
2020,359,0.82,4.31,100.6,22.22,83.81,27.53
2020,360,0.83,4.66,100.69,2.96,82.89,27.29
2020,361,0.82,4.49,100.75,1.32,82.78,27.29
2020,362,0.82,3.58,100.73,4.53,84.89,26.95
2020,363,0.82,4.33,100.68,12.83,86.99,26.51
2020,364,0.83,4.8,100.65,10.81,89.94,26.39
2020,365,0.83,4.7,100.69,7.06,88.18,26.43
2020,366,0.83,4.47,100.71,8.57,87.64,26.23
2021,1,0.83,4.5,100.7,6.3,84.37,26.88
2021,2,0.84,3.26,100.72,15.64,85.82,26.53
2021,3,0.84,2.68,100.69,4.13,82.67,26.98
2021,4,0.83,3.68,100.65,3.46,84.96,26.81
2021,5,0.84,3.11,100.62,7.0,87.18,26.63
2021,6,0.84,3.26,100.58,6.48,88.47,27.01
2021,7,0.85,3.92,100.58,13.18,84.85,26.85
2021,8,0.85,2.91,100.56,7.14,85.28,26.77
2021,9,0.85,3.83,100.58,11.69,86.62,26.89
2021,10,0.86,4.03,100.58,7.54,88.05,26.63
2021,11,0.86,4.02,100.64,9.24,87.48,26.79
2021,12,0.86,4.71,100.71,10.11,88.82,26.6
2021,13,0.86,4.58,100.74,6.0,88.86,26.34
2021,14,0.86,3.48,100.82,6.11,88.2,26.32
2021,15,0.85,3.17,100.74,2.8,88.55,26.4
2021,16,0.85,3.62,100.6,3.1,82.35,27.31
2021,17,0.85,3.66,100.69,6.26,86.29,26.84
2021,18,0.86,5.13,100.75,10.06,88.73,26.46
2021,19,0.87,5.78,100.77,17.4,86.23,26.21
2021,20,0.88,4.19,100.75,6.82,86.74,26.54
2021,21,0.88,3.49,100.75,17.15,88.15,26.41
2021,22,0.88,2.64,100.76,10.02,83.72,26.61
2021,23,0.88,2.36,100.75,7.23,87.71,26.58
2021,24,0.89,2.99,100.86,20.86,90.62,25.95
2021,25,0.89,2.21,100.82,8.93,83.49,26.66
2021,26,0.9,4.03,100.72,24.19,87.09,26.66
2021,27,0.9,4.89,100.68,7.79,90.26,25.91
2021,28,0.91,4.2,100.76,23.07,89.78,25.7
2021,29,0.92,4.92,100.79,18.55,85.29,26.3
2021,30,0.93,5.34,100.81,23.83,87.02,26.21
2021,31,0.94,4.82,100.84,18.5,88.03,26.39
2021,32,0.93,4.02,100.84,13.66,89.52,26.4
2021,33,0.95,4.8,100.83,51.32,90.33,26.41
2021,34,0.97,4.56,100.85,52.49,91.22,26.09
2021,35,0.97,5.48,100.85,15.45,89.18,26.43
2021,36,0.97,5.53,100.77,22.27,87.13,26.65
2021,37,0.98,5.63,100.66,34.36,88.04,26.98
2021,38,1.0,5.85,100.65,49.89,89.5,26.89
2021,39,1.0,5.15,100.66,27.3,89.23,26.84
2021,40,1.0,3.98,100.63,45.6,90.97,26.68
2021,41,0.99,4.01,100.65,12.34,88.13,26.97
2021,42,0.99,3.93,100.64,1.98,86.8,27.3
2021,43,0.98,2.85,100.79,7.8,89.0,26.42
2021,44,0.98,3.1,100.89,7.04,88.55,26.61
2021,45,0.98,3.75,100.9,8.63,89.48,26.58
2021,46,1.0,3.69,100.8,104.93,90.39,26.46
2021,47,1.0,3.69,100.76,20.56,89.76,26.45
2021,48,1.0,2.96,100.9,18.22,88.18,26.3
2021,49,0.99,4.11,100.89,17.6,86.29,26.37
2021,50,1.0,5.83,100.9,71.22,89.82,25.88
2021,51,1.0,4.52,100.92,20.33,88.15,26.23
2021,52,1.0,3.43,100.9,7.55,86.95,26.56
2021,53,0.99,2.52,100.84,8.0,87.36,26.74
2021,54,0.99,3.71,100.75,10.14,86.44,26.9
2021,55,0.99,5.41,100.61,13.55,87.21,26.56
2021,56,0.99,5.0,100.51,14.34,87.4,26.72
2021,57,0.99,3.72,100.55,22.77,89.99,26.8
2021,58,0.99,1.36,100.66,7.51,84.6,27.25
2021,59,0.99,3.14,100.77,8.38,84.55,27.33
2021,60,0.98,2.61,100.88,7.42,82.78,27.33
2021,61,0.99,3.3,100.88,18.09,86.24,26.89
2021,62,0.98,2.66,100.93,12.0,86.03,26.68
2021,63,0.99,2.14,100.95,16.04,82.98,27.15
2021,64,0.98,1.95,100.89,9.12,82.71,27.48
2021,65,0.98,2.37,100.88,15.64,86.72,27.09
2021,66,0.99,3.71,100.94,14.44,88.09,26.5
2021,67,0.99,3.72,100.96,10.47,88.08,26.1
2021,68,0.98,3.03,100.91,9.99,87.52,26.29
2021,69,0.99,3.55,100.87,17.04,88.5,26.36
2021,70,0.99,3.82,100.9,17.42,88.12,26.27
2021,71,0.99,2.63,100.95,24.55,84.11,26.96
2021,72,0.99,2.92,100.93,37.51,85.4,26.72
2021,73,1.0,3.33,100.8,75.08,86.83,26.62
2021,74,1.0,1.96,100.79,22.56,83.26,26.56
2021,75,0.99,2.2,100.78,16.73,82.36,27.07
2021,76,0.99,2.08,100.69,8.07,77.9,27.68
2021,77,0.99,1.88,100.67,4.58,80.89,27.61
2021,78,0.99,2.71,100.63,6.03,82.99,27.39
2021,79,0.98,3.13,100.55,2.62,82.76,27.5
2021,80,0.98,3.93,100.55,2.12,84.44,27.62
2021,81,0.97,3.88,100.7,3.64,85.95,27.14
2021,82,0.97,3.33,100.7,4.07,84.05,27.44
2021,83,0.97,3.82,100.63,3.38,83.1,27.43
2021,84,0.96,3.59,100.62,7.46,87.95,27.06
2021,85,0.96,1.98,100.61,4.09,81.85,27.57
2021,86,0.97,2.21,100.6,18.25,88.92,26.95
2021,87,0.97,2.21,100.57,7.98,83.98,27.77
2021,88,0.97,2.32,100.56,5.37,86.98,27.29
2021,89,0.96,1.37,100.49,5.13,85.61,27.43
2021,90,0.96,3.18,100.42,6.62,84.62,27.75
2021,91,0.96,2.84,100.5,12.77,89.15,26.76
2021,92,0.96,2.81,100.54,4.74,83.67,27.43
2021,93,0.97,2.18,100.63,12.62,86.23,26.93
2021,94,0.97,2.05,100.67,4.24,83.31,27.3
2021,95,0.96,1.85,100.74,6.4,83.72,27.24
2021,96,0.96,3.96,100.8,11.21,87.43,26.96
2021,97,0.96,4.14,100.81,2.32,84.11,26.97
2021,98,0.96,3.6,100.7,2.67,85.85,27.17
2021,99,0.95,2.39,100.75,3.05,87.25,26.95
2021,100,0.95,2.04,100.91,3.22,85.39,26.96
2021,101,0.95,1.6,100.98,6.96,79.84,27.49
2021,102,0.95,1.99,101.0,8.03,81.98,27.28
2021,103,0.95,2.16,100.96,10.27,83.17,27.29
2021,104,0.95,2.35,100.91,11.54,83.79,27.11
2021,105,0.96,1.23,100.9,16.21,79.72,27.2
2021,106,0.97,1.76,100.85,35.43,79.6,27.61
2021,107,0.97,1.8,100.96,15.03,81.84,27.01
2021,108,0.96,2.52,100.96,2.41,82.77,27.63
2021,109,0.96,1.86,100.87,3.63,82.02,27.45
2021,110,0.96,1.56,100.88,8.44,80.44,27.45
2021,111,0.95,3.43,100.9,0.76,79.49,27.61
2021,112,0.95,2.68,100.87,0.02,75.52,27.64
2021,113,0.94,1.33,100.88,1.14,73.86,28.05
2021,114,0.93,2.17,100.87,1.84,78.37,27.54
2021,115,0.93,2.37,100.89,1.04,78.54,28.04
2021,116,0.92,3.68,100.83,1.03,83.84,27.69
2021,117,0.91,4.28,100.83,1.05,83.65,28.08
2021,118,0.92,2.37,100.91,11.88,84.88,27.58
2021,119,0.92,2.38,100.88,4.4,83.04,27.57
2021,120,0.92,2.59,100.83,3.16,86.07,27.3
2021,121,0.92,3.31,100.82,1.59,87.71,27.4
2021,122,0.91,3.96,100.79,1.15,84.51,28.07
2021,123,0.91,4.12,100.58,1.03,86.1,27.85
2021,124,0.91,2.77,100.56,0.86,83.13,27.94
2021,125,0.9,2.4,100.6,1.89,83.56,27.9
2021,126,0.91,2.08,100.76,20.21,86.01,27.09
2021,127,0.92,2.83,100.82,3.18,82.35,26.99
2021,128,0.91,2.18,100.76,0.97,77.59,27.69
2021,129,0.91,1.42,100.71,6.46,82.78,27.8
2021,130,0.91,3.54,100.65,0.54,80.41,27.94
2021,131,0.9,3.94,100.63,0.2,84.79,27.97
2021,132,0.9,3.28,100.57,0.96,85.14,28.41
2021,133,0.89,3.41,100.55,2.04,86.46,28.2
2021,134,0.89,3.71,100.57,1.47,86.59,27.97
2021,135,0.89,3.46,100.59,0.58,86.02,28.01
2021,136,0.88,3.11,100.64,4.64,84.35,28.31
2021,137,0.89,2.6,100.7,13.28,86.99,27.82
2021,138,0.91,1.33,100.71,14.93,82.92,27.82
2021,139,0.9,2.18,100.73,2.88,82.97,27.64
2021,140,0.9,3.33,100.85,2.62,85.79,27.68
2021,141,0.9,2.3,100.83,6.12,85.67,27.71
2021,142,0.9,2.51,100.76,10.83,83.6,27.91
2021,143,0.9,2.29,100.79,3.71,83.86,27.69
2021,144,0.9,2.21,100.85,9.82,83.17,27.86
2021,145,0.91,3.35,100.79,10.92,86.36,27.74
2021,146,0.9,4.89,100.74,0.67,84.37,28.26
2021,147,0.9,4.8,100.81,0.98,85.72,28.38
2021,148,0.89,3.41,100.9,1.99,84.87,28.19
2021,149,0.89,1.17,100.88,6.55,85.77,27.3
2021,150,0.89,1.88,100.76,1.46,81.09,27.87
2021,151,0.89,1.82,100.69,5.88,82.01,27.91
2021,152,0.89,2.35,100.75,3.76,82.05,27.72
2021,153,0.89,1.86,100.77,3.36,80.03,28.4
2021,154,0.89,3.48,100.78,4.41,86.92,28.23
2021,155,0.89,3.83,100.82,5.31,87.43,28.44
2021,156,0.89,3.68,100.79,2.2,87.44,28.14
2021,157,0.88,1.94,100.89,2.89,83.93,27.94
2021,158,0.88,1.28,100.89,4.33,85.32,27.82
2021,159,0.88,1.87,100.86,0.77,81.7,27.8
2021,160,0.88,2.03,100.78,1.85,82.06,27.82
2021,161,0.87,1.93,100.67,2.01,81.46,28.07
2021,162,0.88,2.14,100.75,5.41,82.73,27.28
2021,163,0.87,2.56,100.79,3.04,77.28,27.91
2021,164,0.87,4.01,100.84,3.61,86.42,28.04
2021,165,0.87,4.42,100.83,1.77,87.89,27.51
2021,166,0.87,3.36,100.82,3.72,82.88,27.55
2021,167,0.87,2.44,100.93,3.63,82.92,27.3
2021,168,0.87,2.4,101.04,2.81,83.01,27.14
2021,169,0.87,1.92,101.04,2.57,82.8,27.39
2021,170,0.87,1.64,101.01,4.96,80.28,27.25
2021,171,0.88,1.86,100.99,37.33,84.03,26.67
2021,172,0.92,4.1,100.95,28.4,87.56,26.38
2021,173,0.91,2.48,100.93,3.37,84.69,26.8
2021,174,0.91,1.53,100.95,5.47,81.63,27.41
2021,175,0.91,2.22,100.92,2.91,86.78,26.71
2021,176,0.9,2.65,100.85,0.7,84.06,27.09
2021,177,0.9,3.06,100.9,0.8,86.67,27.33
2021,178,0.9,2.94,100.89,1.35,84.97,27.36
2021,179,0.89,1.64,100.89,0.64,81.32,27.4
2021,180,0.89,2.18,100.89,1.35,81.39,27.16
2021,181,0.89,2.05,100.93,2.19,83.24,27.03
2021,182,0.89,2.51,100.97,4.71,81.95,26.28
2021,183,0.89,4.0,100.78,0.33,83.42,27.14
2021,184,0.88,3.04,100.83,0.26,85.19,27.03
2021,185,0.88,2.39,100.8,0.01,77.62,27.29
2021,186,0.87,2.26,100.71,0.75,79.27,27.42
2021,187,0.86,3.11,100.72,0.34,76.33,27.14
2021,188,0.86,2.99,100.77,0.09,76.9,27.19
2021,189,0.85,3.9,100.8,0.23,80.61,26.72
2021,190,0.85,3.89,100.68,2.21,83.97,27.34
2021,191,0.85,3.86,100.6,2.49,86.76,27.44
2021,192,0.85,3.92,100.72,1.67,87.73,27.63
2021,193,0.85,4.29,100.8,0.11,82.25,27.47
2021,194,0.84,3.35,100.82,1.92,84.94,26.57
2021,195,0.84,3.14,100.85,3.42,83.52,26.38
2021,196,0.84,2.7,100.82,0.02,76.91,27.26
2021,197,0.83,3.7,100.91,0.05,79.84,26.99
2021,198,0.83,3.73,100.86,0.06,78.88,27.09
2021,199,0.82,2.85,100.72,0.7,78.39,27.26
2021,200,0.82,1.84,100.8,2.22,82.02,27.35
2021,201,0.82,2.19,100.94,1.92,82.95,27.49
2021,202,0.82,1.38,100.99,2.23,82.05,27.27
2021,203,0.83,2.2,100.87,9.86,85.15,27.04
2021,204,0.83,1.47,100.88,5.63,82.4,27.31
2021,205,0.83,2.04,100.92,3.96,81.29,27.44
2021,206,0.82,3.99,100.89,0.09,80.36,27.22
2021,207,0.82,4.18,100.92,0.16,80.83,26.38
2021,208,0.81,3.52,100.9,0.05,76.47,26.3
2021,209,0.8,3.06,100.9,0.1,78.38,26.87
2021,210,0.8,2.41,100.93,0.03,76.64,26.96
2021,211,0.79,1.9,100.98,0.37,76.38,27.19
2021,212,0.8,2.41,100.94,6.93,81.65,27.41
2021,213,0.8,2.31,100.87,8.62,82.58,27.55
2021,214,0.81,3.0,100.91,5.82,80.71,27.51
2021,215,0.8,2.92,100.96,0.83,80.57,27.7
2021,216,0.8,3.19,101.0,3.32,83.16,27.61
2021,217,0.8,4.31,101.03,3.83,85.56,27.33
2021,218,0.8,4.7,101.01,1.04,84.54,27.34
2021,219,0.79,4.74,100.98,0.98,85.35,27.44
2021,220,0.79,4.55,100.97,0.66,84.38,27.56
2021,221,0.79,4.12,100.86,5.58,85.52,27.52
2021,222,0.81,2.82,100.85,9.2,85.38,27.38
2021,223,0.8,4.67,100.93,0.16,80.09,27.27
2021,224,0.79,4.04,101.07,0.03,76.42,27.0
2021,225,0.78,2.74,100.9,1.71,81.15,27.25
2021,226,0.78,3.26,100.76,0.98,83.95,27.26
2021,227,0.78,5.07,100.83,0.44,82.94,27.7
2021,228,0.78,4.3,100.98,0.39,82.87,27.59
2021,229,0.77,2.97,100.96,0.5,81.74,27.36
2021,230,0.77,2.39,100.85,2.4,82.23,27.21
2021,231,0.77,2.27,100.86,4.9,84.71,26.53
2021,232,0.78,2.27,100.93,5.2,81.47,26.72
2021,233,0.78,1.62,101.0,3.7,82.83,26.32
2021,234,0.78,2.69,100.87,0.45,81.42,27.08
2021,235,0.77,2.55,100.87,1.39,83.75,27.01
2021,236,0.77,2.59,100.85,1.21,78.11,27.66
2021,237,0.77,2.45,100.83,1.63,73.56,27.67
2021,238,0.76,3.23,100.75,0.05,76.75,27.11
2021,239,0.75,2.68,100.78,0.02,74.23,27.33
2021,240,0.75,2.85,100.69,0.26,76.22,27.26
2021,241,0.75,2.55,100.72,0.73,79.33,27.36
2021,242,0.75,2.54,100.79,0.7,80.64,27.29
2021,243,0.75,2.88,100.81,1.32,82.22,27.46
2021,244,0.74,3.63,100.85,0.33,80.28,27.44
2021,245,0.74,2.78,100.88,0.18,77.46,27.53
2021,246,0.74,1.94,100.83,0.23,75.14,27.52
2021,247,0.73,2.11,100.85,0.08,73.71,27.7
2021,248,0.73,2.76,100.82,0.43,77.23,27.77
2021,249,0.73,3.77,100.92,7.59,84.4,26.98
2021,250,0.74,3.44,100.92,5.17,82.86,27.22
2021,251,0.74,1.66,100.87,5.92,77.46,27.79
2021,252,0.74,2.43,100.88,1.64,72.35,27.48
2021,253,0.73,1.79,100.93,0.02,70.72,27.61
2021,254,0.72,2.34,100.81,1.36,78.2,27.59
2021,255,0.73,3.1,100.72,8.64,84.91,27.32
2021,256,0.75,4.52,100.81,16.13,87.22,26.69
2021,257,0.77,1.55,100.99,15.79,81.5,26.46
2021,258,0.77,2.63,100.96,3.82,80.11,27.18
2021,259,0.76,3.62,100.87,2.09,83.04,27.42
2021,260,0.75,3.7,100.75,3.12,84.75,27.46
2021,261,0.75,4.05,100.82,1.13,79.99,28.18
2021,262,0.74,2.22,100.92,4.17,79.57,27.67
2021,263,0.74,2.93,100.85,2.75,78.71,27.74
2021,264,0.74,2.93,100.81,5.03,78.1,27.76
2021,265,0.74,4.62,100.79,4.24,81.68,27.68
2021,266,0.74,5.54,100.83,3.05,82.06,27.8
2021,267,0.74,4.88,100.81,2.72,83.34,27.93
2021,268,0.74,4.14,100.7,2.54,84.49,27.65
2021,269,0.74,3.43,100.66,4.44,85.18,27.58
2021,270,0.74,3.22,100.64,5.06,86.2,27.41
2021,271,0.74,3.3,100.68,3.7,84.24,27.5
2021,272,0.74,2.68,100.72,0.36,78.95,27.97
2021,273,0.73,1.82,100.79,2.95,77.86,28.24
2021,274,0.74,1.93,100.86,5.58,82.36,27.37
2021,275,0.74,2.02,100.86,2.15,80.51,27.62
2021,276,0.73,1.88,100.79,1.37,78.44,27.84
2021,277,0.73,1.29,100.73,2.08,75.44,28.28
2021,278,0.73,1.99,100.67,3.06,79.57,27.7
2021,279,0.73,2.46,100.63,3.01,80.87,27.33
2021,280,0.72,2.38,100.69,1.45,79.53,27.48
2021,281,0.72,1.99,100.77,0.73,78.4,27.68
2021,282,0.71,2.36,100.7,0.23,75.55,28.54
2021,283,0.71,2.48,100.71,0.29,74.85,28.91
2021,284,0.7,1.33,100.69,1.0,73.19,28.97
2021,285,0.7,3.15,100.62,1.59,75.34,28.31
2021,286,0.7,2.08,100.61,0.78,72.71,28.68
2021,287,0.69,1.93,100.66,0.41,74.01,28.62
2021,288,0.69,2.48,100.61,2.11,76.76,28.51
2021,289,0.69,1.42,100.65,2.77,75.9,28.82
2021,290,0.7,2.26,100.72,11.03,83.08,28.22
2021,291,0.73,2.89,100.92,14.28,86.37,27.4
2021,292,0.74,2.63,101.16,7.42,78.13,28.03
2021,293,0.74,2.31,101.04,10.28,81.56,27.43
2021,294,0.75,2.15,100.96,10.25,83.86,27.61
2021,295,0.76,2.45,100.97,10.9,84.45,27.67
2021,296,0.75,2.28,100.96,2.77,79.7,28.18
2021,297,0.74,1.71,100.88,2.9,78.49,28.44
2021,298,0.74,1.35,100.76,4.78,75.57,28.84
2021,299,0.73,1.91,100.73,2.22,77.5,28.79
2021,300,0.74,3.26,100.83,22.85,84.99,27.86
2021,301,0.78,3.12,100.87,15.06,81.57,27.53
2021,302,0.77,1.64,100.94,6.32,77.29,28.22
2021,303,0.78,2.01,100.94,14.47,83.16,27.87
2021,304,0.78,1.67,100.86,6.84,79.78,28.31
2021,305,0.78,2.19,100.85,8.84,82.94,27.84
2021,306,0.77,1.95,100.81,4.04,78.89,28.14
2021,307,0.77,1.92,100.73,8.14,83.17,27.89
2021,308,0.77,2.33,100.72,5.0,83.17,28.19
2021,309,0.77,2.18,100.68,2.84,83.62,27.6
2021,310,0.76,1.2,100.52,1.12,76.72,28.37
2021,311,0.76,3.32,100.54,6.48,84.67,27.69
2021,312,0.77,1.67,100.63,3.78,79.71,27.67
2021,313,0.77,1.63,100.64,26.03,79.19,28.16
2021,314,0.8,3.52,100.74,10.75,83.66,27.68
2021,315,0.8,2.92,100.75,5.61,80.36,27.37
2021,316,0.79,2.8,100.76,2.96,78.26,28.22
2021,317,0.79,2.32,100.8,11.2,82.35,27.31
2021,318,0.81,3.82,100.81,12.18,85.82,27.0
2021,319,0.81,3.31,100.74,6.23,86.73,26.71
2021,320,0.79,3.34,100.68,3.48,84.06,27.4
2021,321,0.79,3.92,100.67,1.38,85.0,27.62
2021,322,0.79,3.39,100.61,4.0,83.23,27.43
2021,323,0.79,3.42,100.52,7.57,89.32,27.13
2021,324,0.79,2.51,100.62,6.34,82.44,26.9
2021,325,0.79,3.57,100.68,2.3,83.76,27.32
2021,326,0.79,4.31,100.64,4.07,84.67,27.69
2021,327,0.79,4.06,100.63,4.04,86.01,27.59
2021,328,0.79,3.69,100.66,3.18,89.0,26.95
2021,329,0.79,3.21,100.69,2.73,83.05,27.59
2021,330,0.79,3.79,100.72,32.27,84.43,27.49
2021,331,0.83,5.49,100.78,22.72,83.35,27.32
2021,332,0.84,5.52,100.76,18.16,82.48,27.33
2021,333,0.83,4.49,100.68,27.67,82.26,27.68
2021,334,0.86,2.99,100.76,31.16,82.79,26.81
2021,335,0.85,3.11,100.78,15.21,80.18,27.41
2021,336,0.84,4.09,100.77,1.84,81.2,28.02
2021,337,0.83,4.06,100.85,3.15,82.11,27.8
2021,338,0.83,4.04,100.9,14.17,86.91,26.88
2021,339,0.84,3.88,100.87,11.12,86.86,26.43
2021,340,0.86,3.26,100.81,29.63,86.43,26.56
2021,341,0.88,4.28,100.81,15.07,86.92,26.72
2021,342,0.86,2.48,100.86,7.86,83.6,26.93
2021,343,0.87,2.7,100.9,24.05,87.86,26.78
2021,344,0.87,3.55,100.86,7.51,85.98,27.19
2021,345,0.87,3.78,100.87,13.44,89.55,26.61
2021,346,0.88,4.3,100.8,10.55,87.27,27.16
2021,347,0.87,3.83,100.67,2.33,83.4,27.76
2021,348,0.87,3.24,100.6,3.1,82.19,28.01
2021,349,0.87,1.48,100.6,6.76,82.23,27.94
2021,350,0.87,1.6,100.66,15.68,84.95,27.4
2021,351,0.89,1.99,100.64,10.85,85.14,27.59
2021,352,0.88,3.47,100.67,4.56,82.64,27.8
2021,353,0.9,2.76,100.76,18.94,83.7,27.85
2021,354,0.89,1.75,100.89,11.04,79.68,27.43
2021,355,0.9,1.72,100.95,13.05,81.01,27.14
2021,356,0.89,1.6,100.9,2.76,78.06,27.65
2021,357,0.89,3.84,100.8,9.11,83.28,27.07
2021,358,0.9,2.54,100.82,19.07,81.08,27.39
2021,359,0.9,2.67,100.87,9.26,85.92,26.88
2021,360,0.91,2.48,100.97,5.95,82.23,26.97
2021,361,0.9,1.99,100.97,4.91,80.24,27.62
2021,362,0.9,2.7,100.89,7.2,85.09,27.19
2021,363,0.9,2.25,100.85,3.94,82.77,27.34
2021,364,0.9,2.12,100.83,6.08,84.33,27.4
2021,365,0.9,3.14,100.86,3.94,81.57,27.33
2022,1,0.89,3.43,100.83,2.89,80.54,27.42
2022,2,0.89,4.0,100.79,1.55,83.08,27.23
2022,3,0.88,2.5,100.76,0.25,76.94,27.86
2022,4,0.88,2.27,100.86,0.65,80.15,27.34
2022,5,0.87,1.55,100.82,2.64,78.52,27.99
2022,6,0.88,2.51,100.88,8.06,82.63,27.25
2022,7,0.88,3.36,100.97,9.0,84.77,27.06
2022,8,0.88,2.72,100.83,8.32,82.6,27.52
2022,9,0.88,3.24,100.75,6.47,84.56,27.39
2022,10,0.88,3.08,100.76,11.65,85.32,27.36
2022,11,0.91,4.03,100.97,31.67,88.98,26.44
2022,12,0.92,3.97,100.95,17.47,86.63,26.26
2022,13,0.92,3.72,100.94,8.18,86.14,26.46
2022,14,0.92,3.97,100.88,7.85,85.76,26.66
2022,15,0.92,4.07,100.88,13.9,88.37,26.63
2022,16,0.92,3.62,100.85,7.94,88.51,26.82
2022,17,0.92,3.48,100.79,6.66,86.95,27.11
2022,18,0.93,4.21,100.77,21.3,90.34,26.45
2022,19,0.94,4.79,100.75,21.45,87.45,26.63
2022,20,0.95,4.19,100.78,16.39,88.71,26.04
2022,21,0.94,3.1,100.75,5.78,85.24,26.67
2022,22,0.94,2.71,100.78,2.4,84.71,26.57
2022,23,0.93,3.65,100.67,0.84,83.22,27.39
2022,24,0.92,4.39,100.62,2.0,86.42,27.36
2022,25,0.93,4.16,100.62,12.48,87.45,27.08
2022,26,0.93,3.42,100.67,3.21,89.51,26.59
2022,27,0.92,3.53,100.75,2.29,87.09,26.85
2022,28,0.92,2.93,100.78,2.49,83.43,27.13
2022,29,0.91,1.88,100.81,0.66,83.14,27.04
2022,30,0.91,2.1,100.75,1.62,83.15,27.42
2022,31,0.92,2.33,100.78,11.18,87.06,26.75
2022,32,0.92,2.42,100.74,7.86,85.17,26.97
2022,33,0.92,2.22,100.82,5.54,84.38,26.85
2022,34,0.92,2.21,100.75,10.71,82.87,27.12
2022,35,0.92,2.53,100.66,18.26,83.87,27.2
2022,36,0.94,3.96,100.73,28.95,88.12,26.31
2022,37,0.95,3.66,100.7,9.8,88.03,26.54
2022,38,0.95,4.7,100.67,10.3,86.0,26.93
2022,39,0.95,3.69,100.75,10.7,85.09,27.08
2022,40,0.95,4.26,100.77,25.5,89.61,26.31
2022,41,0.95,4.76,100.69,3.19,87.86,26.46
2022,42,0.95,3.19,100.64,2.68,86.04,26.65
2022,43,0.94,2.67,100.53,2.4,85.44,26.99
2022,44,0.94,2.52,100.52,2.1,85.77,26.55
2022,45,0.94,2.53,100.62,3.04,80.37,27.14
2022,46,0.93,2.24,100.6,3.0,77.85,27.76
2022,47,0.93,2.88,100.46,8.62,83.52,27.44
2022,48,0.94,2.11,100.5,10.84,84.64,26.68
2022,49,0.94,2.15,100.68,4.24,84.17,26.61
2022,50,0.93,1.9,100.76,4.0,82.92,27.02
2022,51,0.93,1.99,100.78,3.85,81.42,27.27
2022,52,0.93,2.01,100.79,5.6,82.64,27.16
2022,53,0.93,3.19,100.88,8.11,79.53,27.44
2022,54,0.93,3.76,100.91,6.96,82.28,27.09
2022,55,0.92,4.29,100.93,2.53,81.21,27.21
2022,56,0.92,4.36,100.88,6.15,83.27,26.93
2022,57,0.91,4.21,100.85,4.78,83.4,26.71
2022,58,0.91,4.3,100.81,5.42,82.32,26.97
2022,59,0.91,4.09,100.78,7.85,82.87,27.34
2022,60,0.91,4.93,100.77,7.81,85.11,27.11
2022,61,0.91,5.04,100.74,7.48,85.2,27.05
2022,62,0.91,4.07,100.71,3.22,84.97,27.12
2022,63,0.91,2.16,100.76,10.04,87.99,26.37
2022,64,0.91,3.33,100.76,12.24,86.03,26.74
2022,65,0.91,4.77,100.72,2.28,85.57,27.02
2022,66,0.91,4.38,100.69,26.81,88.15,26.91
2022,67,0.93,2.81,100.65,15.36,85.69,26.88
2022,68,0.93,2.31,100.62,11.16,84.94,27.35
2022,69,0.93,1.29,100.57,6.39,83.58,27.45
2022,70,0.93,3.19,100.53,13.96,85.71,27.36
2022,71,0.93,3.72,100.51,9.71,88.6,26.82
2022,72,0.94,2.76,100.58,4.86,86.98,27.08
2022,73,0.93,1.39,100.59,5.8,84.8,27.67
2022,74,0.96,2.42,100.59,52.44,87.11,26.9
2022,75,0.96,2.44,100.53,2.39,83.88,27.4
2022,76,0.95,1.9,100.53,0.36,82.31,27.85
2022,77,0.94,3.4,100.52,2.24,83.39,28.12
2022,78,0.94,5.06,100.52,4.68,85.66,27.72
2022,79,0.93,5.1,100.65,1.24,85.99,27.69
2022,80,0.93,5.01,100.8,3.18,85.71,27.28
2022,81,0.93,3.4,100.8,5.54,84.83,27.18
2022,82,0.93,4.11,100.79,4.48,84.27,27.24
2022,83,0.92,1.92,100.72,2.83,82.88,27.12
2022,84,0.92,1.59,100.82,4.6,82.63,27.68
2022,85,0.92,1.27,100.88,4.62,81.54,27.57
2022,86,0.92,2.89,100.85,7.51,84.08,27.51
2022,87,0.92,2.2,100.79,7.85,84.86,27.7
2022,88,0.92,2.55,100.77,4.55,85.77,27.38
2022,89,0.92,1.64,100.74,7.02,82.1,27.67
2022,90,0.92,2.44,100.83,8.96,82.23,27.58
2022,91,0.92,2.6,100.86,1.67,76.35,27.53
2022,92,0.92,2.68,100.81,6.44,80.76,27.76
2022,93,0.92,4.04,100.83,10.63,84.07,27.26
2022,94,0.92,3.01,100.88,7.45,80.27,27.64
2022,95,0.92,2.26,100.93,11.71,79.35,27.64
2022,96,0.93,3.32,100.88,11.63,81.7,27.67
2022,97,0.92,3.48,100.86,3.59,82.12,27.56
2022,98,0.93,3.18,100.81,20.07,84.0,27.31
2022,99,0.93,1.7,100.76,5.48,81.23,27.56
2022,100,0.93,1.61,100.73,3.65,81.8,27.78
2022,101,0.93,1.63,100.73,5.97,83.21,27.28
2022,102,0.94,1.93,100.63,19.64,81.16,27.52
2022,103,0.95,2.15,100.62,10.19,78.23,28.03
2022,104,0.93,1.95,100.62,0.94,78.82,27.99
2022,105,0.93,2.08,100.66,4.16,79.1,28.23
2022,106,0.93,1.98,100.64,2.85,77.29,28.23
2022,107,0.92,2.92,100.56,2.16,81.85,28.36
2022,108,0.92,2.87,100.67,6.63,84.29,28.31
2022,109,0.92,2.02,100.76,10.56,81.38,28.3
2022,110,0.93,3.76,100.72,13.63,87.91,27.45
2022,111,0.95,2.53,100.74,50.22,88.45,26.72
2022,112,0.95,2.56,100.72,5.15,83.31,27.45
2022,113,0.94,1.65,100.69,3.55,81.79,27.75
2022,114,0.94,2.4,100.65,3.58,80.66,28.17
2022,115,0.94,2.84,100.56,6.97,78.91,28.55
2022,116,0.95,2.96,100.58,24.71,85.58,27.58
2022,117,0.95,2.26,100.6,6.55,83.37,27.6
2022,118,0.96,3.31,100.67,16.35,87.18,27.27
2022,119,0.95,3.38,100.65,4.0,84.14,27.95
2022,120,0.95,2.09,100.61,5.24,86.55,27.56
2022,121,0.95,1.96,100.6,4.59,86.06,27.67
2022,122,0.95,2.2,100.66,9.25,82.39,27.9
2022,123,0.95,3.28,100.66,3.78,86.1,27.79
2022,124,0.95,1.99,100.71,3.31,83.6,27.67
2022,125,0.94,2.57,100.59,1.92,83.1,28.03
2022,126,0.94,2.74,100.54,1.56,80.4,27.5
2022,127,0.93,2.29,100.6,1.68,82.82,28.07
2022,128,0.93,2.27,100.59,1.22,79.0,28.77
2022,129,0.92,2.55,100.6,5.08,85.19,28.03
2022,130,0.93,2.03,100.6,6.09,83.71,28.04
2022,131,0.93,1.59,100.63,4.5,83.77,28.41
2022,132,0.92,3.75,100.71,1.7,86.7,28.07
2022,133,0.92,2.68,100.75,3.15,85.49,27.79
2022,134,0.92,1.88,100.81,0.49,79.32,28.28
2022,135,0.91,1.34,100.82,1.86,81.94,28.37
2022,136,0.92,1.26,100.81,6.85,82.62,28.24
2022,137,0.92,1.88,100.81,12.38,84.82,27.88
2022,138,0.93,2.07,100.89,8.34,84.69,27.87
2022,139,0.92,1.44,100.92,3.9,80.8,27.95
2022,140,0.93,2.59,100.84,10.34,85.37,27.14
2022,141,0.93,1.55,100.77,5.52,83.77,27.16
2022,142,0.93,2.22,100.63,2.07,82.63,27.44
2022,143,0.92,3.58,100.64,3.03,86.82,27.46
2022,144,0.92,3.66,100.78,3.65,88.48,27.84
2022,145,0.92,2.01,100.9,4.99,85.4,27.69
2022,146,0.93,1.52,100.9,4.49,84.73,26.66
2022,147,0.92,1.77,100.79,2.93,77.24,27.83
2022,148,0.93,2.26,100.79,9.91,80.95,27.17
2022,149,0.93,2.39,100.73,3.67,83.31,27.38
2022,150,0.92,1.08,100.66,6.61,79.87,27.26
2022,151,0.92,1.68,100.65,7.34,82.44,26.96
2022,152,0.92,3.39,100.73,0.75,82.77,27.33
2022,153,0.92,3.18,100.76,5.32,81.54,27.63
2022,154,0.93,2.26,100.79,8.06,75.9,27.69
2022,155,0.92,1.73,100.81,1.25,80.7,27.37
2022,156,0.92,1.27,100.78,4.02,80.13,27.61
2022,157,0.93,2.31,100.76,21.9,83.33,26.89
2022,158,0.93,2.87,100.71,3.66,83.5,27.19
2022,159,0.93,2.55,100.74,8.65,86.19,27.24
2022,160,0.93,3.38,100.8,7.33,84.86,26.9
2022,161,0.93,2.18,100.68,2.44,80.05,27.53
2022,162,0.93,2.32,100.73,5.06,85.46,27.37
2022,163,0.93,1.34,100.81,4.01,82.98,27.38
2022,164,0.93,1.29,100.82,2.74,80.49,27.29
2022,165,0.92,2.35,100.8,1.22,82.19,27.18
2022,166,0.92,2.63,100.8,2.33,84.01,27.06
2022,167,0.92,3.44,100.86,3.0,87.68,26.53
2022,168,0.92,2.12,100.88,4.54,84.31,26.42
2022,169,0.92,0.98,100.87,1.27,76.99,27.27
2022,170,0.91,2.61,100.78,0.22,80.88,27.42
2022,171,0.91,1.58,100.66,3.03,83.61,27.04
2022,172,0.91,2.77,100.67,2.95,82.84,27.07
2022,173,0.91,3.59,100.74,2.46,86.25,27.08
2022,174,0.9,3.5,100.85,1.14,84.52,27.33
2022,175,0.9,2.53,100.8,1.93,85.13,26.55
2022,176,0.9,1.78,100.73,3.72,80.02,27.0
2022,177,0.9,1.66,100.79,4.14,79.1,27.46
2022,178,0.9,1.8,100.79,15.08,79.59,27.23
2022,179,0.91,1.89,100.72,11.03,81.02,27.32
2022,180,0.9,1.74,100.66,2.64,78.02,27.43
2022,181,0.9,1.62,100.7,0.42,77.84,26.91
2022,182,0.89,2.75,100.65,0.45,79.93,27.3
2022,183,0.89,2.19,100.63,2.07,81.91,27.46
2022,184,0.88,1.92,100.59,3.91,82.88,27.71
2022,185,0.88,3.64,100.63,2.65,89.27,27.26
2022,186,0.88,2.22,100.69,2.65,84.97,27.36
2022,187,0.9,1.48,100.82,22.02,83.39,27.37
2022,188,0.9,1.79,100.77,0.85,81.39,27.74
2022,189,0.89,1.3,100.75,0.81,76.64,27.95
2022,190,0.88,1.29,100.7,0.64,76.82,27.17
2022,191,0.88,2.81,100.75,0.14,75.81,27.2
2022,192,0.87,2.81,100.78,0.1,79.5,27.22
2022,193,0.87,3.1,100.71,4.62,86.92,27.16
2022,194,0.88,3.06,100.68,8.13,87.11,26.76
2022,195,0.88,3.93,100.66,3.3,86.85,26.82
2022,196,0.87,2.91,100.78,18.33,87.82,27.09
2022,197,0.91,4.65,100.94,33.74,84.47,26.38
2022,198,0.9,3.2,100.81,3.14,85.3,26.62
2022,199,0.89,2.72,100.72,2.45,82.74,27.15
2022,200,0.89,2.75,100.66,1.22,83.28,27.44
2022,201,0.88,3.31,100.76,1.44,84.79,27.58
2022,202,0.88,3.08,100.78,0.34,81.19,27.49
2022,203,0.87,3.45,100.85,1.49,83.94,27.1
2022,204,0.87,2.44,100.77,2.73,83.96,27.26
2022,205,0.87,2.57,100.65,3.8,82.79,27.36
2022,206,0.86,3.59,100.69,0.64,81.39,26.99
2022,207,0.86,3.75,100.76,0.23,79.76,26.62
2022,208,0.85,3.33,100.69,0.01,79.4,26.69
2022,209,0.85,4.01,100.73,0.74,85.27,26.74
2022,210,0.85,3.3,100.75,4.08,85.82,27.05
2022,211,0.85,2.54,100.73,1.42,82.55,27.3
2022,212,0.84,3.82,100.65,0.44,83.89,27.06
2022,213,0.84,3.48,100.63,0.46,85.86,26.93
2022,214,0.83,2.73,100.68,0.64,83.04,27.02
2022,215,0.83,1.83,100.78,4.64,85.61,26.89
2022,216,0.84,2.51,100.78,7.36,86.19,26.88
2022,217,0.84,2.41,100.83,1.1,83.23,26.8
2022,218,0.83,1.89,100.8,1.54,76.83,27.04
2022,219,0.83,2.19,100.77,1.29,78.28,27.25
2022,220,0.82,2.34,100.71,0.48,77.97,27.68
2022,221,0.82,1.8,100.72,0.36,76.79,27.84
2022,222,0.81,2.88,100.72,0.7,81.44,27.66
2022,223,0.81,3.06,100.75,1.05,83.54,27.62
2022,224,0.81,1.88,100.77,5.43,83.83,27.58
2022,225,0.81,2.6,100.81,3.85,84.12,27.36
2022,226,0.82,2.31,100.8,6.32,85.21,27.26
2022,227,0.82,0.86,100.87,4.99,81.55,27.27
2022,228,0.82,0.99,100.89,5.54,79.33,27.26
2022,229,0.84,3.32,100.84,19.39,81.81,27.21
2022,230,0.83,4.32,100.78,0.25,79.38,27.42
2022,231,0.82,4.46,100.75,0.84,82.34,27.55
2022,232,0.81,3.76,100.76,2.88,82.78,27.49
2022,233,0.81,2.98,100.78,6.94,82.77,27.31
2022,234,0.82,2.49,100.78,4.06,82.95,27.11
2022,235,0.81,3.39,100.78,0.89,82.27,27.53
2022,236,0.81,3.37,100.78,0.5,81.02,27.6
2022,237,0.8,3.85,100.77,0.18,79.0,27.16
2022,238,0.8,2.46,100.73,0.59,80.33,27.05
2022,239,0.8,2.34,100.72,3.55,83.8,27.07
2022,240,0.8,2.39,100.73,2.88,83.28,26.89
2022,241,0.79,2.47,100.75,1.73,80.16,27.31
2022,242,0.79,1.78,100.72,0.53,78.14,27.51
2022,243,0.79,2.62,100.65,0.53,80.58,27.57
2022,244,0.79,3.73,100.75,2.6,85.51,27.32
2022,245,0.79,2.91,100.83,1.31,82.3,27.62
2022,246,0.78,3.15,100.86,1.55,81.7,27.66
2022,247,0.78,3.15,100.85,3.64,80.6,27.87
2022,248,0.79,2.6,100.89,14.31,84.03,27.07
2022,249,0.8,3.09,100.85,6.77,84.36,27.34
2022,250,0.79,1.93,100.94,7.18,81.81,27.34
2022,251,0.81,2.29,101.06,14.64,87.53,26.12
2022,252,0.81,2.21,101.06,8.09,81.97,26.48
2022,253,0.82,1.43,101.0,15.14,80.89,26.42
2022,254,0.82,1.86,100.84,4.29,79.03,27.23
2022,255,0.81,1.74,100.84,1.74,79.88,27.4
2022,256,0.8,1.82,101.05,2.35,76.9,27.86
2022,257,0.8,3.01,101.13,5.64,81.57,26.85
2022,258,0.8,2.22,100.96,1.2,78.05,27.49
2022,259,0.8,1.69,100.86,2.48,77.26,27.86
2022,260,0.8,2.23,100.82,2.42,81.83,27.64
2022,261,0.79,1.82,100.89,4.04,80.89,27.77
2022,262,0.79,1.85,100.95,4.18,80.0,27.52
2022,263,0.79,2.15,100.92,1.66,79.87,27.41
2022,264,0.79,2.2,100.87,4.18,82.36,27.34
2022,265,0.8,1.51,100.84,12.86,83.13,27.26
2022,266,0.81,1.5,100.85,8.68,82.18,27.03
2022,267,0.81,1.44,100.79,1.25,79.05,27.5
2022,268,0.8,2.44,100.75,0.94,76.96,28.31
2022,269,0.79,1.83,100.73,2.6,75.92,28.39
2022,270,0.79,2.29,100.62,0.54,75.51,28.08
2022,271,0.78,2.24,100.58,0.71,75.82,28.11
2022,272,0.78,2.61,100.64,0.56,79.41,27.74
2022,273,0.78,4.16,100.73,3.3,84.23,27.36
2022,274,0.78,3.21,100.76,3.9,84.42,27.65
2022,275,0.78,2.04,100.72,4.19,83.78,27.33
2022,276,0.79,2.11,100.68,9.4,83.01,27.4
2022,277,0.8,2.52,100.74,10.43,85.39,27.12
2022,278,0.81,2.03,100.8,9.69,82.66,27.01
2022,279,0.81,2.63,100.84,12.16,83.91,27.0
2022,280,0.82,1.69,100.87,13.0,83.15,26.62
2022,281,0.83,3.82,100.9,15.22,87.93,26.42
2022,282,0.83,3.12,100.91,5.99,81.7,27.53
2022,283,0.83,1.8,100.98,4.49,85.26,26.89
2022,284,0.83,2.19,100.96,6.59,85.88,26.6
2022,285,0.82,1.68,100.88,3.96,82.58,26.88
2022,286,0.82,1.69,100.81,7.04,81.39,26.96
2022,287,0.83,2.12,100.67,5.73,80.99,27.33
2022,288,0.82,2.32,100.71,5.67,80.9,27.41
2022,289,0.83,2.23,100.84,3.56,81.98,27.87
2022,290,0.84,2.16,100.83,20.14,86.15,27.18
2022,291,0.84,2.48,100.75,4.52,85.62,27.24
2022,292,0.84,1.34,100.74,7.09,83.57,27.6
2022,293,0.85,2.19,100.83,12.49,87.34,27.01
2022,294,0.85,2.28,100.94,6.31,82.97,27.22
2022,295,0.85,2.11,100.9,8.56,82.55,27.39
2022,296,0.85,3.56,100.88,4.0,84.76,27.51
2022,297,0.85,3.33,100.87,9.7,82.77,27.52
2022,298,0.86,3.49,100.9,14.73,84.25,27.1
2022,299,0.87,4.68,100.84,16.23,86.66,26.88
2022,300,0.87,3.16,100.68,2.12,82.38,27.15
2022,301,0.86,4.35,100.65,1.35,78.43,27.41
2022,302,0.85,2.59,100.62,3.41,77.51,27.64
2022,303,0.85,2.63,100.65,2.49,77.44,27.6
2022,304,0.84,2.99,100.7,1.72,82.1,27.13
2022,305,0.84,2.61,100.78,1.87,82.2,27.51
2022,306,0.84,2.74,100.77,4.64,81.24,27.88
2022,307,0.84,1.38,100.81,5.77,84.06,27.43
2022,308,0.85,1.49,100.95,13.57,83.77,27.55
2022,309,0.86,1.57,100.99,8.81,84.17,27.12
2022,310,0.86,2.09,100.95,4.48,82.64,27.43
2022,311,0.85,2.11,100.91,6.51,83.86,27.08
2022,312,0.86,1.77,100.89,4.2,83.33,26.61
2022,313,0.86,2.47,100.81,6.49,81.52,27.24
2022,314,0.86,3.46,100.8,6.6,83.96,27.22
2022,315,0.86,4.57,100.72,3.67,84.55,27.36
2022,316,0.86,2.36,100.63,6.6,83.74,27.21
2022,317,0.87,1.41,100.7,17.85,88.08,26.65
2022,318,0.87,3.26,100.66,4.15,84.94,27.46
2022,319,0.87,3.62,100.69,6.97,87.17,26.88
2022,320,0.87,1.97,100.63,8.36,84.26,26.95
2022,321,0.89,2.42,100.65,17.19,84.45,26.71
2022,322,0.89,3.52,100.66,4.64,85.25,26.99
2022,323,0.88,4.69,100.61,2.6,85.72,27.02
2022,324,0.87,5.16,100.56,0.64,83.71,27.3
2022,325,0.87,5.01,100.58,0.49,81.95,27.44
2022,326,0.86,5.27,100.68,1.63,82.29,27.6
2022,327,0.86,3.96,100.78,4.14,84.22,27.33
2022,328,0.86,5.0,100.85,2.06,82.53,27.22
2022,329,0.85,3.5,100.92,5.73,82.02,26.99
2022,330,0.86,3.67,100.88,6.31,83.12,27.06
2022,331,0.86,2.42,100.72,9.51,79.25,27.29
2022,332,0.88,2.21,100.68,24.33,83.57,27.25
2022,333,0.88,2.53,100.7,6.42,76.31,27.25
2022,334,0.89,2.02,100.67,18.54,78.54,27.55
2022,335,0.89,2.03,100.6,22.38,79.32,27.32
2022,336,0.9,2.93,100.5,6.72,79.43,27.86
2022,337,0.9,2.33,100.57,6.4,82.48,27.05
2022,338,0.9,1.97,100.63,7.38,84.84,27.03
2022,339,0.9,1.57,100.69,5.15,84.79,27.09
2022,340,0.89,1.1,100.62,3.63,81.72,27.28
2022,341,0.89,1.9,100.58,3.12,80.47,27.5
2022,342,0.89,1.71,100.6,5.59,82.76,27.72
2022,343,0.89,3.48,100.63,5.88,82.58,27.26
2022,344,0.89,4.37,100.7,2.71,82.27,27.39
2022,345,0.88,4.77,100.72,9.32,82.92,27.39
2022,346,0.89,4.43,100.69,5.28,82.65,27.59
2022,347,0.89,4.72,100.71,3.76,84.93,27.38
2022,348,0.88,3.99,100.71,1.97,86.05,27.06
2022,349,0.88,3.69,100.59,3.68,84.03,27.2
2022,350,0.89,1.87,100.57,12.69,83.34,27.11
2022,351,0.89,2.18,100.57,5.12,83.52,27.16
2022,352,0.88,2.12,100.44,1.35,81.15,27.48
2022,353,0.88,2.09,100.45,0.91,80.3,27.53
2022,354,0.87,1.73,100.5,2.21,82.15,27.61
2022,355,0.88,2.81,100.51,7.35,88.04,26.95
2022,356,0.88,4.5,100.58,9.04,88.52,26.41
2022,357,0.89,4.4,100.69,12.21,89.23,26.16
2022,358,0.89,3.51,100.81,6.83,84.72,26.8
2022,359,0.89,4.79,100.88,10.09,84.48,26.59
2022,360,0.89,3.98,100.96,7.29,83.67,26.81
2022,361,0.9,3.97,101.07,10.09,85.24,26.35
2022,362,0.89,5.53,101.0,9.97,85.37,26.66
2022,363,0.9,4.85,100.97,17.37,86.52,26.53
2022,364,0.91,5.92,100.93,16.14,88.03,26.76
2022,365,0.92,5.94,100.94,12.76,88.79,26.56
2023,1,0.93,3.51,100.96,18.86,88.52,26.22
2023,2,0.93,5.04,100.95,10.95,87.11,26.64
2023,3,0.93,4.68,100.94,6.11,87.06,26.26
2023,4,0.93,4.22,100.9,9.73,88.44,26.17
2023,5,0.93,4.17,100.9,3.32,85.08,26.56
2023,6,0.92,4.61,100.86,2.06,84.55,26.98
2023,7,0.92,4.54,100.77,1.72,85.49,26.99
2023,8,0.91,4.54,100.88,3.78,85.56,26.79
2023,9,0.91,3.39,100.96,1.94,82.87,27.23
2023,10,0.91,4.37,100.92,2.23,83.02,27.26
2023,11,0.9,3.66,100.86,2.3,80.42,27.71
2023,12,0.9,2.04,100.81,3.99,80.59,27.39
2023,13,0.9,1.82,100.8,5.2,82.48,27.57
2023,14,0.9,2.21,100.71,7.84,83.41,27.17
2023,15,0.9,4.46,100.63,1.12,81.8,27.65
2023,16,0.89,4.26,100.72,1.01,84.68,27.09
2023,17,0.89,2.96,100.87,7.74,86.16,26.59
2023,18,0.9,3.31,100.88,5.52,85.99,26.35
2023,19,0.9,3.91,100.84,4.87,90.27,25.86
2023,20,0.89,3.37,100.76,2.15,83.36,26.88
2023,21,0.89,3.83,100.67,3.93,85.05,26.91
2023,22,0.89,4.66,100.6,5.29,85.59,26.92
2023,23,0.89,4.72,100.54,4.68,85.7,26.85
2023,24,0.88,5.0,100.54,3.0,87.04,26.73
2023,25,0.89,4.9,100.63,5.74,89.25,25.97
2023,26,0.89,3.46,100.65,3.67,88.66,25.99
2023,27,0.89,3.64,100.58,12.0,88.61,26.18
2023,28,0.9,2.72,100.49,14.01,87.21,26.48
2023,29,0.9,3.45,100.55,4.56,87.26,26.67
2023,30,0.9,4.23,100.67,2.14,86.85,26.84
2023,31,0.9,3.55,100.65,8.1,88.39,26.54
2023,32,0.89,3.12,100.65,5.0,87.25,26.44
2023,33,0.9,3.21,100.73,9.42,88.92,26.02
2023,34,0.9,3.44,100.7,2.97,83.86,26.29
2023,35,0.89,2.53,100.62,1.67,85.46,26.6
2023,36,0.88,3.43,100.6,1.17,85.09,26.96
2023,37,0.88,3.73,100.63,2.27,83.25,27.24
2023,38,0.88,3.21,100.67,4.93,86.86,26.26
2023,39,0.88,3.31,100.74,6.2,84.98,26.35
2023,40,0.88,4.66,100.7,3.69,84.17,26.92
2023,41,0.88,4.51,100.65,9.7,84.9,26.81
2023,42,0.9,3.3,100.75,35.53,89.85,26.0
2023,43,0.93,4.89,100.89,59.19,86.99,25.99
2023,44,0.92,4.84,100.87,6.63,84.15,26.58
2023,45,0.92,5.21,100.75,6.41,86.85,26.73
2023,46,0.92,4.79,100.74,13.1,86.61,26.54
2023,47,0.92,4.98,100.79,10.21,84.3,26.74
2023,48,0.92,3.6,100.77,5.86,86.2,26.5
2023,49,0.92,3.0,100.78,23.92,88.34,26.38
2023,50,0.92,3.4,100.82,7.1,87.81,26.6
2023,51,0.92,4.61,100.81,4.71,84.85,27.01
2023,52,0.92,4.19,100.88,6.27,88.26,26.32
2023,53,0.92,4.5,100.85,10.52,88.6,25.87
2023,54,0.93,4.43,100.71,27.0,89.03,26.41
2023,55,0.96,3.18,100.77,47.27,89.77,26.47
2023,56,0.97,3.22,101.0,35.02,87.55,25.48
2023,57,0.98,3.95,100.97,60.93,85.96,26.28
2023,58,0.99,5.13,100.99,23.62,89.69,26.25
2023,59,0.98,5.2,101.01,11.69,86.66,26.34
2023,60,0.98,3.87,100.95,22.29,89.1,26.26
2023,61,0.99,4.0,101.05,13.3,89.58,25.9
2023,62,0.98,3.76,101.07,6.67,86.53,26.45
2023,63,0.98,4.18,101.1,13.82,87.13,26.49
2023,64,0.98,3.63,101.1,11.91,88.09,26.31
2023,65,0.98,4.2,101.02,3.88,86.48,26.64
2023,66,0.97,3.42,100.93,4.33,84.35,27.01
2023,67,0.97,2.31,100.96,9.25,83.6,26.58
2023,68,0.97,2.41,100.86,11.22,85.31,26.46
2023,69,0.97,2.05,100.82,10.12,82.35,27.39
2023,70,0.97,2.13,100.9,10.16,85.73,27.49
2023,71,0.97,1.62,100.85,7.94,83.54,27.57
2023,72,0.96,1.94,100.74,1.96,83.93,27.22
2023,73,0.96,3.36,100.75,12.08,86.75,26.66
2023,74,0.97,3.38,100.8,19.5,88.72,26.5
2023,75,0.97,1.91,100.89,0.68,81.84,27.28
2023,76,0.96,2.08,100.87,3.16,82.19,27.5
2023,77,0.95,1.92,100.78,2.77,82.88,27.37
2023,78,0.95,2.04,100.72,2.0,84.91,27.17
2023,79,0.94,1.58,100.7,5.05,80.6,27.6
2023,80,0.94,2.0,100.69,0.39,83.33,27.01
2023,81,0.94,2.08,100.61,1.88,81.86,27.68
2023,82,0.93,2.02,100.61,0.21,80.71,27.98
2023,83,0.92,2.1,100.67,0.52,79.08,27.93
2023,84,0.92,2.83,100.75,12.53,83.02,27.93
2023,85,0.93,2.56,100.69,11.63,83.02,27.77
2023,86,0.92,2.96,100.69,3.68,84.3,27.56
2023,87,0.92,1.85,100.78,4.3,84.43,27.34
2023,88,0.93,2.44,100.8,10.97,82.0,27.66
2023,89,0.92,3.58,100.72,5.6,82.84,27.18
2023,90,0.92,3.99,100.77,7.29,86.9,26.81
2023,91,0.93,4.4,100.8,7.53,87.55,26.72
2023,92,0.92,3.69,100.67,5.96,84.56,27.21
2023,93,0.92,4.03,100.74,3.14,82.07,27.16
2023,94,0.92,3.03,100.76,1.18,82.18,26.93
2023,95,0.91,3.59,100.75,1.06,78.87,27.74
2023,96,0.9,3.99,100.83,0.55,78.48,27.3
2023,97,0.9,2.2,100.9,1.3,75.55,27.3
2023,98,0.89,2.53,100.96,2.22,78.63,27.74
2023,99,0.89,3.45,100.92,5.69,83.49,27.27
2023,100,0.9,4.5,100.88,9.54,88.17,27.0
2023,101,0.89,4.69,100.76,2.05,84.78,27.62
2023,102,0.89,5.16,100.71,2.8,86.5,27.88
2023,103,0.89,4.37,100.74,1.49,86.21,27.73
2023,104,0.89,2.97,100.74,6.38,83.22,28.03
2023,105,0.89,3.11,100.68,6.23,84.82,27.6
2023,106,0.89,3.33,100.69,5.01,82.71,27.75
2023,107,0.89,2.62,100.82,2.59,80.39,28.03
2023,108,0.88,2.79,100.85,4.08,85.97,27.85
2023,109,0.88,2.03,100.64,4.08,87.63,27.68
2023,110,0.89,1.99,100.5,11.19,86.47,27.89
2023,111,0.89,2.54,100.57,2.02,85.99,27.65
2023,112,0.89,2.8,100.57,3.73,84.78,28.14
2023,113,0.89,3.01,100.67,4.29,88.17,27.89
2023,114,0.89,2.91,100.68,2.03,85.13,28.16
2023,115,0.88,2.54,100.63,1.76,83.53,27.91
2023,116,0.88,1.87,100.6,0.53,79.2,28.19
2023,117,0.87,2.77,100.6,3.14,81.08,28.3
2023,118,0.88,1.99,100.65,10.18,79.13,28.51
2023,119,0.87,1.58,100.61,0.57,78.7,28.04
2023,120,0.87,1.55,100.56,2.33,76.58,28.58
2023,121,0.89,1.52,100.59,73.88,78.78,28.72
2023,122,0.89,2.01,100.68,4.07,80.57,28.57
2023,123,0.89,2.97,100.7,9.39,86.06,28.33
2023,124,0.89,1.97,100.64,6.36,83.11,28.3
2023,125,0.89,1.44,100.48,7.46,81.65,28.68
2023,126,0.89,1.69,100.52,4.4,83.76,27.73
2023,127,0.89,1.52,100.62,7.45,81.46,28.07
2023,128,0.9,2.2,100.67,6.32,83.06,28.0
2023,129,0.9,1.82,100.68,1.25,80.56,28.47
2023,130,0.89,3.24,100.71,1.4,84.71,28.6
2023,131,0.89,4.72,100.82,3.91,87.65,28.29
2023,132,0.89,4.9,100.85,3.19,85.41,28.58
2023,133,0.89,2.03,100.9,13.14,84.68,28.58
2023,134,0.9,3.53,100.98,5.33,76.38,28.25
2023,135,0.89,2.42,100.98,0.14,74.79,28.06
2023,136,0.88,2.65,101.02,0.48,79.86,28.05
2023,137,0.87,3.19,101.0,0.21,80.79,28.02
2023,138,0.87,2.64,101.0,0.26,80.07,28.0
2023,139,0.86,2.61,100.96,0.26,81.57,27.84
2023,140,0.86,3.17,100.87,0.37,84.3,28.05
2023,141,0.86,2.44,100.98,1.78,78.7,28.56
2023,142,0.86,1.96,100.99,1.12,79.2,28.31
2023,143,0.85,2.6,101.02,1.87,80.17,27.86
2023,144,0.85,2.46,101.04,2.56,80.33,28.1
2023,145,0.85,2.51,101.01,4.73,78.21,28.3
2023,146,0.85,3.35,100.94,1.41,80.1,28.05
2023,147,0.84,2.49,100.81,2.3,80.33,27.83
2023,148,0.84,1.65,100.75,2.26,79.28,28.23
2023,149,0.84,2.0,100.8,2.78,81.09,28.19
2023,150,0.84,2.3,100.83,1.94,80.07,28.22
2023,151,0.84,1.96,100.8,0.44,78.7,28.31
2023,152,0.83,2.81,100.81,0.03,78.58,28.1
2023,153,0.83,3.18,100.79,0.08,83.03,28.11
2023,154,0.82,2.78,100.84,0.57,84.47,28.21
2023,155,0.82,2.22,100.76,2.04,82.72,28.32
2023,156,0.82,1.92,100.74,4.16,86.05,27.68
2023,157,0.82,1.98,100.8,3.65,83.71,27.55
2023,158,0.82,2.89,100.85,2.22,83.9,27.66
2023,159,0.82,3.92,100.87,1.42,86.83,27.65
2023,160,0.82,3.17,100.8,0.82,83.15,28.03
2023,161,0.81,2.91,100.72,0.73,79.59,28.15
2023,162,0.81,3.28,100.75,0.04,78.99,27.85
2023,163,0.8,3.39,100.78,1.75,84.18,27.58
2023,164,0.8,3.54,100.78,5.05,87.73,27.95
2023,165,0.81,3.53,100.92,7.16,86.94,27.48
2023,166,0.81,3.51,100.91,6.0,86.24,27.25
2023,167,0.83,2.55,100.92,13.87,85.24,26.88
2023,168,0.83,2.28,100.88,5.11,81.68,27.67
2023,169,0.82,2.54,100.86,4.38,85.51,27.61
2023,170,0.83,1.98,100.86,8.94,83.64,27.66
2023,171,0.82,2.26,100.93,1.69,82.22,27.38
2023,172,0.82,1.88,100.89,1.61,80.39,28.11
2023,173,0.81,3.13,100.81,1.82,83.3,28.08
2023,174,0.81,2.65,100.77,1.43,81.95,27.95
2023,175,0.81,2.06,100.72,3.28,84.31,27.69
2023,176,0.82,2.22,100.72,13.6,85.8,27.3
2023,177,0.83,1.67,100.8,3.47,81.85,27.56
2023,178,0.82,1.97,100.87,4.76,80.9,27.7
2023,179,0.82,2.54,100.9,3.86,79.66,28.03
2023,180,0.81,2.12,100.85,2.22,78.88,28.21
2023,181,0.81,1.73,100.83,1.38,75.93,28.29
2023,182,0.8,1.49,100.88,0.04,74.98,28.31
2023,183,0.8,1.92,101.0,0.33,78.89,28.09
2023,184,0.79,2.05,100.89,0.21,81.87,27.75
2023,185,0.79,2.4,100.79,0.11,79.9,27.91
2023,186,0.79,2.31,100.76,1.02,79.55,27.84
2023,187,0.79,1.83,100.9,2.82,81.54,27.56
2023,188,0.8,3.64,100.96,8.89,87.49,26.94
2023,189,0.8,3.71,100.97,9.73,86.15,27.2
2023,190,0.81,4.47,100.81,2.16,84.87,27.33
2023,191,0.8,4.12,100.84,1.72,83.39,27.76
2023,192,0.8,2.65,100.92,0.84,83.52,27.45
2023,193,0.79,2.28,100.94,0.61,76.75,27.8
2023,194,0.79,2.19,100.92,0.06,75.26,27.51
2023,195,0.78,2.03,100.94,1.88,78.14,27.91
2023,196,0.78,1.97,100.91,0.93,79.61,27.57
2023,197,0.78,2.05,100.83,0.34,77.24,28.09
2023,198,0.77,3.86,100.79,0.03,80.09,27.31
2023,199,0.77,4.52,100.86,0.02,80.87,26.67
2023,200,0.77,4.13,100.81,0.01,78.33,26.74
2023,201,0.76,2.65,100.84,0.0,72.15,26.82
2023,202,0.76,2.35,100.97,0.01,75.62,27.1
2023,203,0.75,3.34,100.98,0.14,78.78,27.25
2023,204,0.75,3.54,100.96,0.26,82.04,27.16
2023,205,0.75,2.37,100.94,1.64,80.85,27.33
2023,206,0.75,1.9,100.95,2.56,81.7,27.34
2023,207,0.75,2.08,100.99,1.44,78.08,27.7
2023,208,0.75,2.1,101.03,0.35,75.98,27.5
2023,209,0.74,2.94,100.99,0.28,73.85,27.43
2023,210,0.74,4.49,100.97,0.02,77.58,26.59
2023,211,0.74,4.3,100.98,0.05,76.66,26.42
2023,212,0.73,4.82,100.94,0.09,79.43,26.13
2023,213,0.73,4.47,100.94,0.13,82.87,26.74
2023,214,0.72,2.96,101.04,3.58,81.23,27.37
2023,215,0.73,3.11,101.13,7.48,83.08,27.68
2023,216,0.73,3.75,101.19,1.05,81.35,27.78
2023,217,0.73,4.14,101.19,0.1,80.81,27.06
2023,218,0.72,2.6,101.07,0.16,77.85,27.47
2023,219,0.71,3.19,100.95,0.22,79.95,27.48
2023,220,0.71,4.12,100.99,0.64,83.52,27.32
2023,221,0.71,4.56,101.1,0.09,81.89,26.99
2023,222,0.7,3.05,101.11,0.0,78.46,26.7
2023,223,0.7,2.57,101.02,0.0,78.26,26.83
2023,224,0.69,3.6,100.97,0.04,75.35,26.15
2023,225,0.69,3.06,100.98,0.04,75.6,26.54
2023,226,0.69,2.32,100.98,0.0,75.49,27.02
2023,227,0.68,2.55,101.05,0.0,76.09,27.06
2023,228,0.68,2.42,101.03,0.0,74.56,27.33
2023,229,0.68,3.12,100.99,0.0,75.64,26.91
2023,230,0.67,2.58,100.9,0.0,75.23,26.99
2023,231,0.67,3.39,100.89,0.0,80.0,26.86
2023,232,0.67,3.74,100.9,0.0,79.94,27.22
2023,233,0.66,3.61,100.9,0.0,77.24,26.98
2023,234,0.66,3.9,100.9,0.0,79.99,26.88
2023,235,0.65,3.97,100.9,0.0,77.87,27.15
2023,236,0.65,4.01,100.85,0.01,79.59,27.19
2023,237,0.65,3.27,100.88,0.21,80.1,27.34
2023,238,0.65,2.38,100.89,0.81,78.11,27.5
2023,239,0.64,1.99,100.85,2.34,78.46,27.58
2023,240,0.65,2.81,100.86,0.58,77.08,27.25
2023,241,0.64,3.03,100.82,0.01,75.14,27.24
2023,242,0.64,3.32,100.89,0.0,78.06,26.99
2023,243,0.63,2.14,100.97,0.0,73.39,27.04
2023,244,0.63,2.15,100.92,0.0,71.54,27.16
2023,245,0.62,2.09,100.88,0.0,74.47,27.0
2023,246,0.62,3.44,100.82,0.0,72.84,27.41
2023,247,0.62,4.21,100.77,0.0,72.5,26.07
2023,248,0.61,4.11,100.88,0.0,74.56,26.34
2023,249,0.61,2.93,100.95,0.0,73.96,27.03
2023,250,0.61,2.08,100.97,0.0,73.62,27.74
2023,251,0.6,3.31,100.91,0.0,76.19,27.89
2023,252,0.6,2.17,100.91,0.0,74.0,27.78
2023,253,0.6,2.18,100.96,0.0,74.57,27.29
2023,254,0.59,2.97,100.96,0.0,71.05,27.67
2023,255,0.59,4.09,100.99,0.0,77.01,27.91
2023,256,0.59,2.54,100.99,0.07,76.84,27.86
2023,257,0.58,3.07,100.99,0.13,73.86,27.62
2023,258,0.58,4.63,100.93,0.01,71.69,27.68
2023,259,0.58,4.24,100.92,0.58,78.17,27.58
2023,260,0.58,3.0,100.88,0.19,77.52,27.85
2023,261,0.57,2.1,100.85,0.28,76.57,28.0
2023,262,0.57,2.89,100.86,0.17,76.2,28.23
2023,263,0.57,2.62,100.85,0.08,75.12,28.3
2023,264,0.57,1.9,100.88,0.07,73.43,28.59
2023,265,0.56,1.89,100.86,0.04,69.49,28.8
2023,266,0.56,2.75,100.87,0.06,70.5,28.2
2023,267,0.56,2.06,100.87,0.0,69.41,28.38
2023,268,0.55,3.06,100.82,0.0,69.47,28.5
2023,269,0.55,3.13,100.85,0.0,66.8,28.43
2023,270,0.55,4.39,100.83,0.0,67.7,28.19
2023,271,0.55,4.42,100.9,0.0,70.3,28.03
2023,272,0.54,3.38,101.01,0.04,71.33,28.56
2023,273,0.54,1.66,101.01,0.44,70.27,28.74
2023,274,0.54,2.07,100.96,0.12,71.39,28.74
2023,275,0.54,2.12,101.03,0.08,67.81,28.87
2023,276,0.54,1.5,101.07,0.3,71.37,28.36
2023,277,0.54,2.39,100.97,0.03,70.73,28.95
2023,278,0.54,3.63,100.9,0.26,74.89,28.95
2023,279,0.54,2.63,100.88,0.14,73.61,29.25
2023,280,0.54,2.46,100.92,0.31,73.4,29.3
2023,281,0.54,3.02,100.99,0.26,72.08,29.42
2023,282,0.53,3.78,101.02,0.7,73.19,29.26
2023,283,0.53,3.2,100.99,0.88,74.51,29.14
2023,284,0.54,2.25,100.92,0.63,69.31,29.47
2023,285,0.53,3.24,100.99,0.12,69.05,29.45
2023,286,0.53,2.34,100.99,0.16,69.36,29.57
2023,287,0.53,2.62,100.9,0.21,68.84,29.71
2023,288,0.53,3.16,100.89,0.52,70.21,29.76
2023,289,0.53,2.88,100.85,0.08,71.09,29.82
2023,290,0.53,3.46,100.88,0.03,69.79,29.9
2023,291,0.52,3.95,100.95,0.16,70.18,29.72
2023,292,0.52,4.58,101.0,1.33,74.65,29.17
2023,293,0.53,3.02,100.99,5.69,77.12,28.81
2023,294,0.54,2.42,100.97,3.16,75.74,29.21
2023,295,0.54,1.98,101.01,2.58,74.06,29.06
2023,296,0.54,1.89,100.98,1.59,73.51,29.17
2023,297,0.54,1.81,100.97,3.69,71.72,29.36
2023,298,0.55,2.03,101.0,3.64,77.57,28.84
2023,299,0.55,1.78,100.98,3.28,73.03,29.41
2023,300,0.55,2.5,100.92,0.3,71.5,29.42
2023,301,0.54,3.38,100.89,0.06,70.09,29.35
2023,302,0.54,2.4,100.83,0.31,69.49,29.58
2023,303,0.54,1.8,100.78,0.79,67.77,29.85
2023,304,0.53,2.3,100.77,3.09,70.0,29.97
2023,305,0.54,1.64,100.82,5.48,74.55,29.59
2023,306,0.55,2.21,100.74,4.24,74.41,29.73
2023,307,0.55,2.2,100.71,3.97,76.01,29.43
2023,308,0.56,2.69,100.73,10.2,78.75,28.87
2023,309,0.58,3.09,100.8,6.26,75.92,29.15
2023,310,0.58,2.08,100.83,2.93,74.12,29.34
2023,311,0.57,1.57,100.83,0.46,74.48,29.1
2023,312,0.57,1.72,100.74,0.16,70.89,29.81
2023,313,0.56,2.07,100.78,0.74,73.14,29.84
2023,314,0.56,2.19,100.86,5.71,75.89,29.57
2023,315,0.57,1.84,100.9,6.47,80.04,29.05
2023,316,0.57,1.6,100.89,5.42,76.11,29.31
2023,317,0.57,3.3,100.87,2.78,77.46,29.37
2023,318,0.58,2.94,100.86,9.68,79.62,29.24
2023,319,0.59,1.49,100.88,3.47,77.16,28.93
2023,320,0.58,1.8,100.92,3.38,75.7,29.38
2023,321,0.59,1.87,100.89,5.43,77.7,29.23
2023,322,0.59,1.56,100.82,2.85,75.12,29.36
2023,323,0.58,2.04,100.8,1.63,73.29,29.98
2023,324,0.58,1.58,100.81,2.15,73.29,29.81
2023,325,0.57,1.79,100.72,4.27,74.38,29.69
2023,326,0.57,2.29,100.64,3.46,74.09,30.04
2023,327,0.58,1.63,100.61,7.64,79.75,28.97
2023,328,0.59,1.97,100.63,7.32,81.36,28.66
2023,329,0.61,1.52,100.74,10.82,79.77,28.28
2023,330,0.61,1.96,100.72,8.65,77.45,28.59
2023,331,0.62,2.39,100.72,10.25,80.64,27.87
2023,332,0.63,2.79,100.69,9.3,79.97,28.04
2023,333,0.63,3.01,100.65,10.51,77.38,29.14
2023,334,0.64,2.65,100.73,10.96,81.87,28.63
2023,335,0.65,1.74,100.72,12.92,80.48,28.31
2023,336,0.65,2.38,100.66,4.9,81.1,28.14
2023,337,0.64,1.46,100.73,7.6,76.42,28.77
2023,338,0.65,1.48,100.86,9.59,77.67,28.07
2023,339,0.64,1.95,100.79,2.38,75.15,28.58
2023,340,0.64,1.68,100.79,7.99,79.22,28.66
2023,341,0.64,2.28,100.8,4.39,81.41,28.44
2023,342,0.64,1.13,100.76,1.78,78.75,28.98
2023,343,0.63,1.48,100.72,2.21,79.4,28.81
2023,344,0.63,1.36,100.67,8.74,83.89,28.03
2023,345,0.64,1.96,100.67,1.31,81.22,28.32
2023,346,0.63,1.99,100.64,1.59,79.49,28.8
2023,347,0.63,2.19,100.68,3.18,76.27,28.78
2023,348,0.62,2.43,100.77,3.05,77.42,29.18
2023,349,0.62,2.32,100.75,3.46,76.46,28.77
2023,350,0.61,2.34,100.7,1.31,77.16,28.83
2023,351,0.61,3.27,100.71,0.79,74.39,29.13
2023,352,0.6,2.89,100.74,1.47,75.2,29.09
2023,353,0.6,2.7,100.78,3.7,73.76,29.23
2023,354,0.6,2.77,100.74,1.05,72.01,28.83
2023,355,0.59,2.74,100.79,0.08,70.48,28.68
2023,356,0.58,2.51,100.85,0.07,71.17,29.16
2023,357,0.57,1.72,100.87,2.42,73.07,29.77
2023,358,0.58,2.79,100.85,5.56,78.49,29.43
2023,359,0.59,2.09,100.92,8.63,77.84,28.8
2023,360,0.6,1.47,100.97,3.03,79.57,28.39
2023,361,0.61,1.22,101.02,6.91,79.11,28.61
2023,362,0.61,1.79,100.9,3.0,81.89,28.43
2023,363,0.62,1.88,100.79,5.83,81.4,28.54
2023,364,0.62,1.29,100.75,1.64,74.22,29.57
2023,365,0.62,1.68,100.79,7.7,79.52,28.8
2024,1,0.63,1.88,100.8,5.3,83.06,28.59
2024,2,0.63,2.28,100.7,9.58,81.65,29.09
2024,3,0.64,2.88,100.75,9.16,84.81,28.42
2024,4,0.66,2.56,100.88,17.74,83.15,27.39
2024,5,0.67,1.58,100.83,5.56,77.25,28.43
2024,6,0.67,1.93,100.77,11.09,81.68,28.32
2024,7,0.68,2.33,100.81,16.85,87.75,27.51
2024,8,0.69,1.43,100.81,10.5,83.21,27.91
2024,9,0.69,2.57,100.68,6.06,80.57,28.56
2024,10,0.68,2.08,100.64,9.01,83.4,28.52
2024,11,0.7,2.81,100.75,20.43,84.61,28.11
2024,12,0.72,3.88,100.7,8.55,83.93,27.87
2024,13,0.71,2.62,100.67,11.7,80.1,28.63
2024,14,0.7,2.39,100.71,5.16,81.07,28.09
2024,15,0.7,2.98,100.69,6.9,80.48,28.56
2024,16,0.69,3.88,100.65,3.13,80.47,28.74
2024,17,0.68,3.39,100.67,5.1,82.6,28.32
2024,18,0.68,4.47,100.72,5.99,83.08,27.92
2024,19,0.72,5.86,100.78,39.97,88.74,27.07
2024,20,0.71,5.69,100.76,1.04,80.43,28.34
2024,21,0.7,4.9,100.81,5.2,84.46,28.02
2024,22,0.7,4.74,100.88,3.91,82.99,28.22
2024,23,0.69,4.07,100.92,3.21,81.85,28.29
2024,24,0.69,3.78,100.94,4.48,82.65,28.15
2024,25,0.69,3.35,101.0,6.17,83.15,28.25
2024,26,0.69,3.2,101.08,7.19,83.71,27.84
2024,27,0.7,3.84,101.04,12.04,85.68,27.74
2024,28,0.71,3.15,101.06,7.4,86.28,27.71
2024,29,0.73,2.33,101.02,23.78,85.9,27.33
2024,30,0.74,2.98,100.97,13.91,87.55,26.94
2024,31,0.78,2.35,101.07,42.6,85.49,27.24
2024,32,0.78,2.49,101.08,15.55,87.79,27.19
2024,33,0.78,3.53,100.99,9.65,85.39,27.75
2024,34,0.77,4.15,100.99,8.13,84.06,27.7
2024,35,0.77,3.41,101.11,6.95,85.39,27.3
2024,36,0.76,2.68,101.11,5.61,84.27,27.61
2024,37,0.76,2.8,101.1,16.0,86.63,27.18
2024,38,0.76,3.31,101.0,1.16,82.68,27.64
2024,39,0.74,2.79,100.86,0.79,79.21,28.21
2024,40,0.74,2.37,100.91,5.11,81.05,28.07
2024,41,0.75,3.35,101.06,12.99,85.56,27.28
2024,42,0.75,3.77,101.1,3.82,81.1,28.0
2024,43,0.75,3.71,101.05,4.7,84.74,27.68
2024,44,0.76,2.56,100.95,10.04,83.71,27.96
2024,45,0.79,2.65,100.87,59.54,88.82,27.46
2024,46,0.79,2.16,100.87,20.63,80.7,28.41
2024,47,0.82,2.8,100.86,31.59,87.69,27.35
2024,48,0.82,2.92,100.83,12.04,86.03,27.81
2024,49,0.81,2.27,100.87,5.72,86.59,28.02
2024,50,0.8,2.19,100.89,6.35,84.22,28.16
2024,51,0.79,1.63,100.85,2.3,78.91,28.58
2024,52,0.79,2.11,100.81,4.75,80.42,28.82
2024,53,0.79,3.21,100.88,8.46,83.14,28.74
2024,54,0.79,3.62,100.89,2.86,83.89,28.54
2024,55,0.79,3.0,100.8,5.35,84.55,28.42
2024,56,0.79,2.93,100.85,13.8,85.22,27.53
2024,57,0.8,2.1,100.84,10.13,85.24,27.72
2024,58,0.81,2.16,100.73,14.36,84.75,28.03
2024,59,0.83,3.14,100.63,19.29,87.63,27.78
2024,60,0.82,1.66,100.71,6.55,84.37,28.03
2024,61,0.82,2.34,100.73,10.43,84.73,28.33
2024,62,0.82,2.97,100.73,15.1,87.1,28.01
2024,63,0.82,3.4,100.83,3.91,85.97,27.77
2024,64,0.81,3.23,100.78,2.13,83.68,28.36
2024,65,0.81,4.91,100.68,6.65,86.45,28.48
2024,66,0.81,4.41,100.67,4.77,87.7,28.07
2024,67,0.81,4.37,100.62,5.02,86.92,28.29
2024,68,0.81,4.96,100.67,10.39,89.15,27.63
2024,69,0.83,3.16,100.81,15.41,89.47,27.02
2024,70,0.84,2.28,100.93,18.5,83.24,27.48
2024,71,0.83,4.03,100.93,4.75,85.52,27.52
2024,72,0.83,5.6,100.9,14.83,85.99,27.7
2024,73,0.85,4.46,100.93,23.86,86.34,27.5
2024,74,0.87,4.19,100.9,24.63,84.61,28.01
2024,75,0.87,3.61,100.92,19.63,86.25,27.65
2024,76,0.88,3.94,100.97,31.3,88.91,27.16
2024,77,0.88,4.47,100.83,12.79,85.68,27.39
2024,78,0.87,4.04,100.81,4.93,84.99,27.72
2024,79,0.86,4.02,100.82,1.25,82.39,28.2
2024,80,0.85,4.33,100.8,0.31,78.86,28.05
2024,81,0.84,3.65,100.74,7.69,83.78,27.76
2024,82,0.86,1.77,100.68,13.24,84.52,27.71
2024,83,0.85,1.63,100.74,0.79,76.28,28.9
2024,84,0.84,2.18,100.8,4.21,81.14,28.81
2024,85,0.84,2.41,100.82,2.99,84.02,28.42
2024,86,0.84,2.86,100.92,3.38,84.57,28.28
2024,87,0.84,3.05,101.05,5.67,84.99,28.26
2024,88,0.84,1.9,101.02,3.23,79.72,28.42
2024,89,0.84,2.17,100.92,2.89,80.25,28.66
2024,90,0.83,2.51,100.96,4.7,84.58,28.59
2024,91,0.84,2.38,100.92,13.65,86.04,28.47
2024,92,0.84,2.26,100.83,2.99,83.79,28.62
2024,93,0.84,1.74,100.74,3.13,80.71,28.68
2024,94,0.84,1.32,100.74,8.55,79.55,28.92
2024,95,0.84,2.09,100.64,3.67,81.38,29.01
2024,96,0.85,1.6,100.65,6.86,82.7,28.92
2024,97,0.85,1.73,100.64,12.77,80.66,28.96
2024,98,0.85,2.01,100.6,3.39,80.74,28.97
2024,99,0.84,2.54,100.64,1.08,76.76,28.71
2024,100,0.84,2.14,100.66,2.92,79.28,29.07
2024,101,0.84,1.5,100.71,5.29,79.83,29.12
2024,102,0.84,2.59,100.7,6.98,82.97,28.61
2024,103,0.85,2.62,100.71,47.07,84.48,28.41
2024,104,0.87,2.49,100.73,1.83,78.69,28.61
2024,105,0.86,2.14,100.8,6.06,79.33,28.89
2024,106,0.85,2.86,100.82,2.61,81.72,28.97
2024,107,0.85,2.91,100.75,1.32,84.08,28.72
2024,108,0.85,2.0,100.69,9.04,83.58,28.89
2024,109,0.85,1.95,100.68,4.16,81.34,28.8
2024,110,0.85,2.71,100.55,4.83,82.5,28.78
2024,111,0.85,3.37,100.57,4.52,85.9,28.55
2024,112,0.85,2.46,100.66,2.77,82.19,28.88
2024,113,0.84,2.0,100.6,2.63,78.84,29.19
2024,114,0.84,2.25,100.58,5.8,84.05,28.87
2024,115,0.86,2.19,100.58,26.27,84.27,28.88
2024,116,0.87,2.24,100.57,14.11,84.97,28.72
2024,117,0.87,2.78,100.58,7.76,85.23,28.8
2024,118,0.87,3.08,100.63,6.57,82.98,28.87
2024,119,0.87,1.82,100.75,4.44,81.16,28.69
2024,120,0.86,3.47,100.68,1.61,85.39,29.09
2024,121,0.86,2.62,100.58,2.04,83.48,29.39
2024,122,0.86,3.14,100.53,6.38,87.91,28.88
2024,123,0.86,3.48,100.62,4.54,86.52,29.04
2024,124,0.86,2.14,100.66,1.9,82.64,29.25
2024,125,0.86,2.02,100.7,4.42,84.57,28.6
2024,126,0.86,2.09,100.67,7.02,79.4,28.9
2024,127,0.85,2.88,100.74,0.96,76.96,28.83
2024,128,0.85,2.56,100.79,0.06,76.71,28.68
2024,129,0.84,2.71,100.74,0.3,78.43,28.7
2024,130,0.84,2.92,100.71,0.98,82.62,28.6
2024,131,0.83,4.37,100.72,1.0,83.99,28.97
2024,132,0.83,4.0,100.8,3.77,84.81,28.99
2024,133,0.83,3.73,100.8,5.56,84.61,28.8
2024,134,0.83,3.37,100.67,4.44,82.53,28.38
2024,135,0.83,3.07,100.74,3.69,84.14,28.55
2024,136,0.83,3.68,100.79,0.7,82.9,28.8
2024,137,0.82,3.18,100.78,1.23,82.34,28.66
2024,138,0.82,3.26,100.7,0.83,80.84,28.57
2024,139,0.82,3.36,100.66,0.55,81.51,28.78
2024,140,0.81,2.9,100.56,0.6,79.4,28.89
2024,141,0.81,3.64,100.6,0.14,80.56,28.52
2024,142,0.8,2.79,100.62,0.6,81.42,28.6
2024,143,0.8,3.13,100.63,1.84,81.99,28.66
2024,144,0.8,3.04,100.61,3.76,85.97,28.36
2024,145,0.8,3.16,100.63,10.0,85.59,28.58
2024,146,0.82,3.56,100.74,8.95,83.51,28.46
2024,147,0.81,2.88,100.75,1.56,82.92,28.71
2024,148,0.8,2.82,100.71,0.32,82.28,28.96
2024,149,0.8,2.89,100.71,0.6,83.24,28.97
2024,150,0.8,3.09,100.71,1.99,83.52,29.06
2024,151,0.79,1.83,100.76,0.68,80.82,28.93
2024,152,0.79,2.33,100.8,0.66,80.89,28.97
2024,153,0.79,1.85,100.9,3.56,82.55,28.75
2024,154,0.79,1.65,100.9,8.56,83.48,28.56
2024,155,0.83,2.56,100.91,36.71,86.23,27.88
2024,156,0.85,2.04,100.96,3.87,81.57,28.43
2024,157,0.83,2.44,100.96,0.69,80.79,28.81
2024,158,0.81,2.75,100.91,0.58,76.48,28.65
2024,159,0.8,1.92,100.83,0.27,76.74,28.41
2024,160,0.8,2.69,100.78,0.81,80.91,28.24
2024,161,0.8,2.62,100.85,3.63,84.28,28.17
2024,162,0.8,2.0,100.89,1.96,84.47,28.24
2024,163,0.8,2.53,100.99,3.41,85.79,28.23
2024,164,0.8,2.84,101.05,3.09,84.77,28.12
2024,165,0.8,2.2,100.92,1.89,77.59,28.46
2024,166,0.79,2.03,100.8,2.19,79.22,28.3
2024,167,0.79,1.31,100.75,6.27,79.12,28.71
2024,168,0.81,1.05,100.75,8.17,84.6,27.97
2024,169,0.8,1.86,100.82,1.44,79.38,28.57
2024,170,0.8,2.16,100.82,6.29,80.53,28.33
2024,171,0.8,4.0,100.67,2.85,83.63,28.32
2024,172,0.79,4.34,100.7,0.07,78.97,27.69
2024,173,0.79,3.5,100.75,0.13,78.56,27.99
2024,174,0.78,3.27,100.82,0.21,78.84,27.93
2024,175,0.78,3.48,100.79,0.02,75.5,27.54
2024,176,0.77,2.65,100.73,2.23,79.48,27.93
2024,177,0.78,3.47,100.7,7.49,86.12,27.83
2024,178,0.78,3.73,100.63,1.84,84.12,28.06
2024,179,0.78,3.42,100.76,2.35,86.0,28.04
2024,180,0.77,2.82,100.84,2.19,83.95,28.12
2024,181,0.78,1.82,100.9,8.93,83.11,27.96
2024,182,0.8,2.26,100.87,21.01,84.2,28.08
2024,183,0.82,1.99,100.77,17.97,83.64,27.77
2024,184,0.84,1.99,100.81,34.19,83.72,27.65
2024,185,0.87,1.9,100.89,26.91,83.46,28.0
2024,186,0.88,2.69,100.86,42.09,83.9,27.87
2024,187,0.88,5.13,100.62,14.32,86.88,27.61
2024,188,0.88,4.72,100.64,22.2,89.94,27.53
2024,189,0.88,2.15,100.7,5.19,83.14,27.91
2024,190,0.87,2.42,100.7,5.79,85.11,27.71
2024,191,0.87,3.17,100.85,7.09,86.97,27.43
2024,192,0.87,3.46,100.97,0.3,82.62,27.91
2024,193,0.86,2.85,100.9,0.01,77.82,27.96
2024,194,0.85,3.73,100.79,0.01,76.67,26.93
2024,195,0.85,2.99,100.73,0.0,76.13,27.0
2024,196,0.84,3.96,100.74,0.0,76.99,26.27
2024,197,0.84,3.0,100.82,0.0,71.61,26.39
2024,198,0.83,3.46,100.81,0.0,77.69,26.71
2024,199,0.83,3.66,100.78,0.02,82.54,27.2
2024,200,0.82,4.1,100.91,0.01,81.35,27.57
2024,201,0.82,4.18,100.81,0.0,81.1,27.31
2024,202,0.81,3.25,100.89,0.0,79.05,27.18
2024,203,0.81,2.91,100.97,0.0,77.23,27.49
2024,204,0.8,2.18,101.0,0.0,78.15,27.66
2024,205,0.8,1.51,100.96,0.04,75.92,27.64
2024,206,0.79,1.97,100.79,0.0,77.54,27.44
2024,207,0.79,1.99,100.73,0.02,77.97,27.34
2024,208,0.79,2.58,100.81,0.03,79.78,27.35
2024,209,0.79,4.06,100.89,0.0,81.32,27.27
2024,210,0.78,3.48,100.84,0.0,79.74,27.26
2024,211,0.78,3.35,100.75,0.0,80.16,27.04
2024,212,0.77,3.02,100.88,0.0,77.67,27.08
2024,213,0.77,3.15,101.01,0.16,80.43,27.26
2024,214,0.77,1.84,101.01,5.39,80.89,27.56
2024,215,0.78,2.02,100.9,14.18,81.51,27.78
2024,216,0.8,2.43,100.96,10.53,84.08,27.65
2024,217,0.79,2.54,100.95,4.61,79.0,28.16
2024,218,0.79,3.02,100.87,1.87,76.46,27.76
2024,219,0.78,3.48,100.87,0.06,80.13,27.14
2024,220,0.78,3.0,100.92,0.07,79.17,27.08
2024,221,0.77,3.42,100.96,2.01,81.79,27.52
2024,222,0.77,4.18,100.84,0.31,82.89,27.59
2024,223,0.76,3.17,100.8,0.27,81.82,27.55
2024,224,0.76,2.85,100.76,0.41,79.16,27.58
2024,225,0.76,3.77,100.75,0.02,78.56,26.83
2024,226,0.75,3.5,100.87,0.0,78.39,26.45
2024,227,0.75,3.21,100.81,0.0,77.28,26.98
2024,228,0.74,3.01,100.75,0.0,77.44,27.28
2024,229,0.74,2.63,100.72,0.0,75.57,27.32
2024,230,0.74,3.0,100.81,0.0,76.89,27.33
2024,231,0.73,2.64,100.85,0.0,79.45,27.5
2024,232,0.73,3.15,100.8,0.0,80.75,27.26
2024,233,0.73,2.83,100.89,0.0,79.89,27.27
2024,234,0.72,3.22,100.93,0.0,80.1,27.25
2024,235,0.72,2.76,100.98,0.0,79.24,27.27
2024,236,0.71,2.3,101.04,0.0,77.34,27.7
2024,237,0.71,1.95,101.0,0.23,75.86,27.88
2024,238,0.71,2.44,100.93,0.23,72.88,27.81
2024,239,0.7,2.29,100.88,0.05,74.55,27.98
2024,240,0.7,2.3,100.94,0.15,73.6,28.09
2024,241,0.69,2.67,100.93,0.0,70.14,27.74
2024,242,0.69,1.26,100.93,0.19,70.05,28.13
2024,243,0.69,2.41,100.91,0.01,70.89,27.59
2024,244,0.68,2.31,100.82,0.01,74.45,27.61
2024,245,0.68,2.47,100.81,0.05,77.96,27.69
2024,246,0.67,2.59,100.85,0.64,80.53,28.09
2024,247,0.67,1.91,100.87,0.3,75.39,28.63
2024,248,0.67,2.61,100.8,0.59,74.59,28.36
2024,249,0.66,2.21,100.77,0.86,76.43,28.6
2024,250,0.66,3.95,100.8,0.46,81.04,28.22
2024,251,0.66,4.97,100.91,0.12,76.37,28.25
2024,252,0.66,3.59,100.93,3.26,80.64,28.14
2024,253,0.67,2.86,100.91,9.48,84.24,27.33
2024,254,0.68,1.83,100.86,7.33,80.98,27.5
2024,255,0.69,3.58,100.88,4.21,78.27,28.18
2024,256,0.69,2.31,100.94,7.08,77.75,28.29
2024,257,0.7,1.85,100.87,7.96,76.46,28.03
2024,258,0.69,2.14,100.79,0.25,68.1,27.78
2024,259,0.68,1.85,100.74,1.28,70.0,27.88
2024,260,0.68,1.92,100.73,0.87,69.91,27.97
2024,261,0.67,1.86,100.65,0.36,68.89,27.55
2024,262,0.66,2.32,100.65,0.34,75.35,27.16
2024,263,0.66,1.78,100.64,0.03,70.0,27.63
2024,264,0.65,1.69,100.69,0.06,71.07,28.09
2024,265,0.65,1.86,100.72,0.2,75.08,28.07
2024,266,0.64,2.09,100.75,1.87,79.06,28.5
2024,267,0.65,2.42,100.81,6.36,84.24,28.28
2024,268,0.68,2.35,100.84,28.99,85.07,27.85
2024,269,0.72,2.34,100.87,6.97,81.74,27.91
2024,270,0.72,1.12,100.89,12.34,81.0,27.73
2024,271,0.73,2.41,100.82,7.7,79.42,28.22
2024,272,0.71,2.77,100.8,2.07,82.12,28.41
2024,273,0.7,2.83,100.83,2.28,81.1,28.72
2024,274,0.7,2.05,100.79,1.43,80.89,28.27
2024,275,0.69,1.94,100.76,0.11,75.3,28.69
2024,276,0.68,2.1,100.79,1.24,76.74,28.87
2024,277,0.68,3.05,100.82,2.13,81.51,28.32
2024,278,0.68,2.7,100.82,3.63,80.88,28.41
2024,279,0.68,2.24,100.81,1.46,80.32,28.43
2024,280,0.67,1.81,100.83,1.38,78.41,28.59
2024,281,0.67,2.86,100.97,0.84,79.08,28.68
2024,282,0.66,2.91,100.93,0.29,76.44,28.36
2024,283,0.66,2.71,100.8,0.14,76.65,28.9
2024,284,0.65,2.55,100.71,0.6,77.36,29.17
2024,285,0.65,3.48,100.71,0.67,81.63,28.82
2024,286,0.65,3.03,100.73,0.65,80.74,28.9
2024,287,0.65,1.98,100.76,5.25,82.32,28.23
2024,288,0.65,1.82,100.76,10.32,78.82,28.6
2024,289,0.67,2.14,100.84,3.3,80.57,28.41
2024,290,0.66,1.65,100.96,0.74,74.01,29.05
2024,291,0.65,2.31,100.94,0.08,68.05,28.39
2024,292,0.65,2.07,100.88,0.1,72.61,28.41
2024,293,0.64,2.13,100.92,0.05,74.73,28.31
2024,294,0.63,3.12,100.96,0.54,71.16,28.9
2024,295,0.63,2.24,100.93,0.12,71.99,28.56
2024,296,0.62,1.92,100.85,0.4,73.0,29.27
2024,297,0.62,2.01,100.78,2.83,76.37,29.16
2024,298,0.65,1.75,100.8,22.47,78.92,28.57
2024,299,0.71,2.3,100.84,32.89,75.39,28.9
2024,300,0.7,2.2,100.79,1.87,75.23,28.99
2024,301,0.69,2.37,100.68,3.18,77.52,29.05
2024,302,0.68,2.1,100.71,4.37,77.02,29.42
2024,303,0.68,2.56,100.79,4.57,79.13,29.22
2024,304,0.67,2.55,100.79,2.23,75.8,29.4
2024,305,0.66,2.73,100.76,3.02,77.23,29.09
2024,306,0.67,3.13,100.86,6.12,80.0,28.6
2024,307,0.67,2.67,100.89,14.82,76.79,28.68
2024,308,0.69,1.91,100.9,3.12,80.88,27.61
2024,309,0.69,1.51,100.88,4.3,78.36,27.88
2024,310,0.69,1.15,100.81,5.22,78.26,28.06
2024,311,0.7,3.24,100.79,15.99,79.4,28.52
2024,312,0.7,1.96,100.81,0.13,72.72,28.76
2024,313,0.69,1.91,100.79,0.7,75.44,29.08
2024,314,0.68,1.92,100.76,7.07,76.13,29.2
2024,315,0.69,2.51,100.82,4.19,79.43,28.46
2024,316,0.69,1.58,100.76,6.89,76.64,28.56
2024,317,0.7,1.89,100.71,3.46,81.37,28.26
2024,318,0.69,2.99,100.63,1.36,80.99,28.67
2024,319,0.68,2.79,100.67,0.43,78.52,29.05
2024,320,0.68,1.46,100.71,1.74,79.16,28.62
2024,321,0.68,1.75,100.61,4.01,78.95,28.79
2024,322,0.68,2.09,100.54,8.05,79.19,28.89
2024,323,0.7,2.11,100.6,9.4,81.12,28.57
2024,324,0.7,1.56,100.62,6.74,76.16,29.14
2024,325,0.71,2.23,100.56,9.13,83.63,28.35
2024,326,0.71,2.4,100.54,9.68,78.55,28.71
2024,327,0.71,2.82,100.54,4.27,81.02,28.74
2024,328,0.72,4.08,100.59,11.03,83.06,28.42
2024,329,0.72,4.29,100.66,9.12,82.97,27.99
2024,330,0.71,3.48,100.58,1.89,76.79,28.87
2024,331,0.71,2.72,100.51,5.3,82.03,28.55
2024,332,0.71,2.76,100.61,13.16,83.72,27.31
2024,333,0.78,3.31,100.71,49.89,86.61,27.39
2024,334,0.77,4.74,100.72,1.97,80.07,27.78
2024,335,0.75,4.67,100.6,3.71,79.39,28.73
2024,336,0.74,4.81,100.58,10.66,82.74,28.38
2024,337,0.76,5.42,100.64,13.11,84.24,27.97
2024,338,0.8,6.66,100.69,43.41,89.8,26.87
2024,339,0.82,5.27,100.68,18.95,89.37,27.04
2024,340,0.82,6.17,100.53,22.82,89.25,27.13
2024,341,0.82,4.43,100.58,5.45,83.31,27.3
2024,342,0.8,3.06,100.55,8.0,80.72,28.22
2024,343,0.8,2.72,100.53,8.66,84.72,28.04
2024,344,0.81,2.86,100.59,19.28,87.79,27.28
2024,345,0.82,5.52,100.46,16.43,84.79,28.13
2024,346,0.81,4.72,100.49,3.25,82.07,28.33
2024,347,0.8,4.76,100.51,4.7,84.33,27.95
2024,348,0.8,3.92,100.53,5.19,83.27,28.18
2024,349,0.8,5.28,100.65,7.62,85.8,27.87
2024,350,0.8,4.8,100.74,4.62,83.19,27.64
2024,351,0.81,3.69,100.72,8.31,86.07,27.63
2024,352,0.81,3.7,100.71,6.97,85.43,27.61
2024,353,0.81,5.45,100.72,8.16,84.42,28.02
2024,354,0.82,5.57,100.68,16.22,87.55,27.51
2024,355,0.83,5.23,100.69,16.02,85.26,27.34
2024,356,0.83,4.02,100.68,15.65,83.08,27.74
2024,357,0.84,2.63,100.76,8.93,84.96,27.51
2024,358,0.84,2.48,100.72,12.09,83.21,27.86
2024,359,0.84,3.15,100.75,14.62,88.39,26.87
2024,360,0.85,2.93,100.87,12.54,83.37,27.26
2024,361,0.85,3.71,100.97,7.43,82.09,27.32
2024,362,0.83,3.42,100.93,2.31,82.3,27.7
2024,363,0.83,3.68,100.9,0.64,77.0,27.71
2024,364,0.83,3.19,100.86,6.32,81.96,27.89
2024,365,0.83,4.8,100.9,8.11,83.93,27.61
2024,366,0.83,4.67,100.8,3.05,84.88,27.39
